PNOA-MDT05-ETRS89-HU29-0001-LID.TIF,COG,21.68,2010
PNOA-MDT05-ETRS89-HU29-0002-LID.TIF,COG,32.33,"2009, 2010"
PNOA-MDT05-ETRS89-HU29-0003-LID.TIF,COG,8.44,2009
PNOA-MDT05-ETRS89-HU29-0006-LID.TIF,COG,13.95,2010
PNOA-MDT05-ETRS89-HU29-0007-LID.TIF,COG,74.57,2010
PNOA-MDT05-ETRS89-HU29-0008-LID.TIF,COG,84.80,"2009, 2010"
PNOA-MDT05-ETRS89-HU29-0009-LID.TIF,COG,64.66,2009
PNOA-MDT05-ETRS89-HU29-0010-LID.TIF,COG,27.83,"2009, 2012"
PNOA-MDT05-ETRS89-HU29-0011-LID.TIF,COG,29.37,2012
PNOA-MDT05-ETRS89-HU29-0012-LID.TIF,COG,32.73,2012
PNOA-MDT05-ETRS89-HU29-0013-LID.TIF,COG,41.76,2012
PNOA-MDT05-ETRS89-HU29-0020-LID.TIF,COG,0.64,2010
PNOA-MDT05-ETRS89-HU29-0021-LID.TIF,COG,29.73,2010
PNOA-MDT05-ETRS89-HU29-0022-LID.TIF,COG,79.42,"2009, 2010"
PNOA-MDT05-ETRS89-HU29-0023-LID.TIF,COG,80.67,"2009, 2010"
PNOA-MDT05-ETRS89-HU29-0024-LID.TIF,COG,84.98,"2009, 2012"
PNOA-MDT05-ETRS89-HU29-0025-LID.TIF,COG,83.49,"2009, 2012"
PNOA-MDT05-ETRS89-HU29-0026-LID.TIF,COG,84.99,2012
PNOA-MDT05-ETRS89-HU29-0027-LID.TIF,COG,84.32,2012
PNOA-MDT05-ETRS89-HU29-0028-LID.TIF,COG,84.35,2012
PNOA-MDT05-ETRS89-HU29-0043-LID.TIF,COG,34.59,2010
PNOA-MDT05-ETRS89-HU29-0044-LID.TIF,COG,66.80,2010
PNOA-MDT05-ETRS89-HU29-0045-LID.TIF,COG,78.97,2010
PNOA-MDT05-ETRS89-HU29-0046-LID.TIF,COG,80.09,"2009, 2010"
PNOA-MDT05-ETRS89-HU29-0047-LID.TIF,COG,76.18,"2009, 2010"
PNOA-MDT05-ETRS89-HU29-0048-LID.TIF,COG,79.69,2009
PNOA-MDT05-ETRS89-HU29-0049-LID.TIF,COG,84.15,"2009, 2012"
PNOA-MDT05-ETRS89-HU29-0050-LID.TIF,COG,84.30,"2009, 2012"
PNOA-MDT05-ETRS89-HU29-0051-LID.TIF,COG,86.03,2012
PNOA-MDT05-ETRS89-HU29-0052-LID.TIF,COG,87.88,2012
PNOA-MDT05-ETRS89-HU29-0067-LID.TIF,COG,12.26,2010
PNOA-MDT05-ETRS89-HU29-0068-LID.TIF,COG,75.83,2010
PNOA-MDT05-ETRS89-HU29-0069-LID.TIF,COG,77.22,2010
PNOA-MDT05-ETRS89-HU29-0070-LID.TIF,COG,77.92,2010
PNOA-MDT05-ETRS89-HU29-0071-LID.TIF,COG,78.24,"2009, 2010"
PNOA-MDT05-ETRS89-HU29-0072-LID.TIF,COG,77.02,2009
PNOA-MDT05-ETRS89-HU29-0073-LID.TIF,COG,81.76,2009
PNOA-MDT05-ETRS89-HU29-0074-LID.TIF,COG,86.31,"2009, 2012"
PNOA-MDT05-ETRS89-HU29-0075-LID.TIF,COG,85.62,"2009, 2010, 2012"
PNOA-MDT05-ETRS89-HU29-0076-LID.TIF,COG,85.60,"2010, 2012"
PNOA-MDT05-ETRS89-HU29-0077-LID.TIF,COG,86.95,"2010, 2012"
PNOA-MDT05-ETRS89-HU29-0092-LID.TIF,COG,10.59,2010
PNOA-MDT05-ETRS89-HU29-0093-LID.TIF,COG,72.07,2010
PNOA-MDT05-ETRS89-HU29-0094-LID.TIF,COG,79.63,2010
PNOA-MDT05-ETRS89-HU29-0095-LID.TIF,COG,78.76,2010
PNOA-MDT05-ETRS89-HU29-0096-LID.TIF,COG,79.61,"2009, 2010"
PNOA-MDT05-ETRS89-HU29-0097-LID.TIF,COG,79.88,2009
PNOA-MDT05-ETRS89-HU29-0098-LID.TIF,COG,81.75,2009
PNOA-MDT05-ETRS89-HU29-0099-LID.TIF,COG,87.68,"2009, 2010, 2012"
PNOA-MDT05-ETRS89-HU29-0100-LID.TIF,COG,85.59,"2009, 2010, 2012"
PNOA-MDT05-ETRS89-HU29-0101-LID.TIF,COG,86.46,"2010, 2012"
PNOA-MDT05-ETRS89-HU29-0102-LID.TIF,COG,86.06,"2010, 2012"
PNOA-MDT05-ETRS89-HU29-0119-LID.TIF,COG,45.99,2010
PNOA-MDT05-ETRS89-HU29-0120-LID.TIF,COG,81.08,2010
PNOA-MDT05-ETRS89-HU29-0121-LID.TIF,COG,81.28,2010
PNOA-MDT05-ETRS89-HU29-0122-LID.TIF,COG,80.35,"2009, 2010"
PNOA-MDT05-ETRS89-HU29-0123-LID.TIF,COG,80.73,2009
PNOA-MDT05-ETRS89-HU29-0124-LID.TIF,COG,83.09,2009
PNOA-MDT05-ETRS89-HU29-0125-LID.TIF,COG,86.98,"2009, 2010"
PNOA-MDT05-ETRS89-HU29-0126-LID.TIF,COG,86.47,"2009, 2010, 2012"
PNOA-MDT05-ETRS89-HU29-0127-LID.TIF,COG,86.85,"2010, 2012"
PNOA-MDT05-ETRS89-HU29-0128-LID.TIF,COG,83.02,2010
PNOA-MDT05-ETRS89-HU29-0151-LID.TIF,COG,26.67,2010
PNOA-MDT05-ETRS89-HU29-0152-LID.TIF,COG,69.00,2010
PNOA-MDT05-ETRS89-HU29-0153-LID.TIF,COG,83.24,"2009, 2010"
PNOA-MDT05-ETRS89-HU29-0154-LID.TIF,COG,81.60,"2009, 2010"
PNOA-MDT05-ETRS89-HU29-0155-LID.TIF,COG,80.90,2009
PNOA-MDT05-ETRS89-HU29-0156-LID.TIF,COG,84.53,2009
PNOA-MDT05-ETRS89-HU29-0157-LID.TIF,COG,87.80,"2009, 2010"
PNOA-MDT05-ETRS89-HU29-0158-LID.TIF,COG,80.90,"2009, 2010"
PNOA-MDT05-ETRS89-HU29-0159-LID.TIF,COG,84.09,2010
PNOA-MDT05-ETRS89-HU29-0160-LID.TIF,COG,77.32,2010
PNOA-MDT05-ETRS89-HU29-0184-LID.TIF,COG,6.45,2010
PNOA-MDT05-ETRS89-HU29-0185-LID.TIF,COG,67.54,"2009, 2010"
PNOA-MDT05-ETRS89-HU29-0186-LID.TIF,COG,83.81,"2009, 2010"
PNOA-MDT05-ETRS89-HU29-0187-LID.TIF,COG,82.20,2009
PNOA-MDT05-ETRS89-HU29-0188-LID.TIF,COG,83.36,2009
PNOA-MDT05-ETRS89-HU29-0189-LID.TIF,COG,85.80,2009
PNOA-MDT05-ETRS89-HU29-0190-LID.TIF,COG,87.45,"2009, 2010"
PNOA-MDT05-ETRS89-HU29-0191-LID.TIF,COG,88.32,"2009, 2010"
PNOA-MDT05-ETRS89-HU29-0192-LID.TIF,COG,83.46,2010
PNOA-MDT05-ETRS89-HU29-0193-LID.TIF,COG,73.69,2010
PNOA-MDT05-ETRS89-HU29-0222-LID.TIF,COG,1.87,2010
PNOA-MDT05-ETRS89-HU29-0223-LID.TIF,COG,65.10,"2009, 2010"
PNOA-MDT05-ETRS89-HU29-0224-LID.TIF,COG,84.47,2009
PNOA-MDT05-ETRS89-HU29-0225-LID.TIF,COG,82.40,2009
PNOA-MDT05-ETRS89-HU29-0226-LID.TIF,COG,81.40,2009
PNOA-MDT05-ETRS89-HU29-0227-LID.TIF,COG,84.15,2009
PNOA-MDT05-ETRS89-HU29-0228-LID.TIF,COG,84.00,"2009, 2010"
PNOA-MDT05-ETRS89-HU29-0229-LID.TIF,COG,87.00,"2009, 2010"
PNOA-MDT05-ETRS89-HU29-0230-LID.TIF,COG,84.85,2010
PNOA-MDT05-ETRS89-HU29-0231-LID.TIF,COG,74.88,2010
PNOA-MDT05-ETRS89-HU29-0260-LID.TIF,COG,6.92,"2009, 2010"
PNOA-MDT05-ETRS89-HU29-0261-LID.TIF,COG,75.84,"2009, 2010"
PNOA-MDT05-ETRS89-HU29-0262-LID.TIF,COG,48.34,2009
PNOA-MDT05-ETRS89-HU29-0263-LID.TIF,COG,78.58,2009
PNOA-MDT05-ETRS89-HU29-0264-LID.TIF,COG,72.36,2009
PNOA-MDT05-ETRS89-HU29-0265-LID.TIF,COG,84.79,2009
PNOA-MDT05-ETRS89-HU29-0266-LID.TIF,COG,84.59,"2009, 2010"
PNOA-MDT05-ETRS89-HU29-0267-LID.TIF,COG,81.92,2010
PNOA-MDT05-ETRS89-HU29-0268-LID.TIF,COG,79.24,2010
PNOA-MDT05-ETRS89-HU29-0269-LID.TIF,COG,75.37,2010
PNOA-MDT05-ETRS89-HU29-0298-LID.TIF,COG,6.50,2009
PNOA-MDT05-ETRS89-HU29-0299-LID.TIF,COG,26.48,2009
PNOA-MDT05-ETRS89-HU29-0300B-LID.TIF,COG,0.44,2009
PNOA-MDT05-ETRS89-HU29-0300-LID.TIF,COG,11.48,2009
PNOA-MDT05-ETRS89-HU29-0301-LID.TIF,COG,82.16,2009
PNOA-MDT05-ETRS89-HU29-0302B-LID.TIF,COG,7.56,2009
PNOA-MDT05-ETRS89-HU29-0302-LID.TIF,COG,77.86,2009
PNOA-MDT05-ETRS89-HU29-0303B-LID.TIF,COG,10.82,2009
PNOA-MDT05-ETRS89-HU29-0303-LID.TIF,COG,82.17,2009
PNOA-MDT05-ETRS89-HU29-0304-LID.TIF,COG,41.87,"2009, 2010"
PNOA-MDT05-ETRS89-HU29-0305-LID.TIF,COG,57.20,2010
PNOA-MDT05-ETRS89-HU29-0306-LID.TIF,COG,79.33,2010
PNOA-MDT05-ETRS89-HU29-0307-LID.TIF,COG,76.70,2010
PNOA-MDT05-ETRS89-HU29-0336-LID.TIF,COG,14.96,2009
PNOA-MDT05-ETRS89-HU29-0337-LID.TIF,COG,25.19,"2010, 2014"
PNOA-MDT05-ETRS89-HU29-0338-LID.TIF,COG,80.22,"2010, 2014"
PNOA-MDT05-ETRS89-HU29-0339-LID.TIF,COG,79.71,"2010, 2014"
PNOA-MDT05-ETRS89-HU29-0367-LID.TIF,COG,42.45,2014
PNOA-MDT05-ETRS89-HU29-0368-LID.TIF,COG,77.29,"2010, 2014"
PNOA-MDT05-ETRS89-HU29-0395-LID.TIF,COG,41.75,2014
PNOA-MDT05-ETRS89-HU29-0396-LID.TIF,COG,77.75,2014
PNOA-MDT05-ETRS89-HU29-0422-LID.TIF,COG,27.01,2014
PNOA-MDT05-ETRS89-HU29-0423-LID.TIF,COG,67.78,2014
PNOA-MDT05-ETRS89-HU29-0424-LID.TIF,COG,74.93,2014
PNOA-MDT05-ETRS89-HU29-0448B-LID.TIF,COG,6.89,2014
PNOA-MDT05-ETRS89-HU29-0449-LID.TIF,COG,69.12,2014
PNOA-MDT05-ETRS89-HU29-0450-LID.TIF,COG,75.72,2014
PNOA-MDT05-ETRS89-HU29-0451-LID.TIF,COG,76.95,2014
PNOA-MDT05-ETRS89-HU29-0474-LID.TIF,COG,6.86,2014
PNOA-MDT05-ETRS89-HU29-0475-LID.TIF,COG,78.75,2014
PNOA-MDT05-ETRS89-HU29-0476-LID.TIF,COG,78.15,2014
PNOA-MDT05-ETRS89-HU29-0477-LID.TIF,COG,75.48,2014
PNOA-MDT05-ETRS89-HU29-0500-LID.TIF,COG,75.86,2014
PNOA-MDT05-ETRS89-HU29-0501-LID.TIF,COG,72.77,2014
PNOA-MDT05-ETRS89-HU29-0502-LID.TIF,COG,77.72,2014
PNOA-MDT05-ETRS89-HU29-0525-LID.TIF,COG,73.75,2014
PNOA-MDT05-ETRS89-HU29-0526-LID.TIF,COG,80.78,"2010, 2014"
PNOA-MDT05-ETRS89-HU29-0527-LID.TIF,COG,84.82,"2010, 2014"
PNOA-MDT05-ETRS89-HU29-0550-LID.TIF,COG,79.42,"2010, 2014"
PNOA-MDT05-ETRS89-HU29-0551-LID.TIF,COG,89.16,"2010, 2014"
PNOA-MDT05-ETRS89-HU29-0552-LID.TIF,COG,90.21,"2010, 2014"
PNOA-MDT05-ETRS89-HU29-0572-LID.TIF,COG,47.11,"2010, 2014"
PNOA-MDT05-ETRS89-HU29-0573-LID.TIF,COG,87.37,"2010, 2014"
PNOA-MDT05-ETRS89-HU29-0574-LID.TIF,COG,88.79,2010
PNOA-MDT05-ETRS89-HU29-0575-LID.TIF,COG,82.82,"2010, 2014"
PNOA-MDT05-ETRS89-HU29-0595-LID.TIF,COG,37.33,2010
PNOA-MDT05-ETRS89-HU29-0596-LID.TIF,COG,80.05,2010
PNOA-MDT05-ETRS89-HU29-0597-LID.TIF,COG,82.12,2010
PNOA-MDT05-ETRS89-HU29-0598-LID.TIF,COG,87.19,2010
PNOA-MDT05-ETRS89-HU29-0620-LID.TIF,COG,31.57,2010
PNOA-MDT05-ETRS89-HU29-0621-LID.TIF,COG,82.10,2010
PNOA-MDT05-ETRS89-HU29-0622-LID.TIF,COG,81.51,2010
PNOA-MDT05-ETRS89-HU29-0623-LID.TIF,COG,84.44,2010
PNOA-MDT05-ETRS89-HU29-0648-LID.TIF,COG,51.08,2010
PNOA-MDT05-ETRS89-HU29-0649-LID.TIF,COG,80.03,2010
PNOA-MDT05-ETRS89-HU29-0650-LID.TIF,COG,81.74,2010
PNOA-MDT05-ETRS89-HU29-0651-LID.TIF,COG,83.69,2010
PNOA-MDT05-ETRS89-HU29-0674-LID.TIF,COG,21.50,2010
PNOA-MDT05-ETRS89-HU29-0675-LID.TIF,COG,83.18,2010
PNOA-MDT05-ETRS89-HU29-0676-LID.TIF,COG,82.46,2010
PNOA-MDT05-ETRS89-HU29-0677-LID.TIF,COG,81.18,2010
PNOA-MDT05-ETRS89-HU29-0678-LID.TIF,COG,82.99,2010
PNOA-MDT05-ETRS89-HU29-0679-LID.TIF,COG,84.60,2010
PNOA-MDT05-ETRS89-HU29-0701-LID.TIF,COG,63.95,2010
PNOA-MDT05-ETRS89-HU29-0702-LID.TIF,COG,83.09,2010
PNOA-MDT05-ETRS89-HU29-0703-LID.TIF,COG,83.08,2010
PNOA-MDT05-ETRS89-HU29-0704-LID.TIF,COG,80.50,2010
PNOA-MDT05-ETRS89-HU29-0705-LID.TIF,COG,83.81,2010
PNOA-MDT05-ETRS89-HU29-0726-LID.TIF,COG,43.84,2010
PNOA-MDT05-ETRS89-HU29-0727-LID.TIF,COG,81.64,2010
PNOA-MDT05-ETRS89-HU29-0728-LID.TIF,COG,83.04,2010
PNOA-MDT05-ETRS89-HU29-0729-LID.TIF,COG,82.86,2010
PNOA-MDT05-ETRS89-HU29-0730-LID.TIF,COG,84.88,2010
PNOA-MDT05-ETRS89-HU29-0750-LID.TIF,COG,60.26,2010
PNOA-MDT05-ETRS89-HU29-0751-LID.TIF,COG,79.24,2010
PNOA-MDT05-ETRS89-HU29-0752-LID.TIF,COG,82.10,2010
PNOA-MDT05-ETRS89-HU29-0753-LID.TIF,COG,77.02,2010
PNOA-MDT05-ETRS89-HU29-0775-LID.TIF,COG,56.07,2010
PNOA-MDT05-ETRS89-HU29-0776-LID.TIF,COG,70.79,2010
PNOA-MDT05-ETRS89-HU29-0777-LID.TIF,COG,79.96,2010
PNOA-MDT05-ETRS89-HU29-0778-LID.TIF,COG,76.83,2010
PNOA-MDT05-ETRS89-HU29-0800-LID.TIF,COG,22.09,2010
PNOA-MDT05-ETRS89-HU29-0801-LID.TIF,COG,77.80,2010
PNOA-MDT05-ETRS89-HU29-0802-LID.TIF,COG,79.42,2010
PNOA-MDT05-ETRS89-HU29-0803-LID.TIF,COG,76.91,2010
PNOA-MDT05-ETRS89-HU29-0804-LID.TIF,COG,88.11,2010
PNOA-MDT05-ETRS89-HU29-0826-LID.TIF,COG,35.20,2010
PNOA-MDT05-ETRS89-HU29-0827-LID.TIF,COG,84.38,2010
PNOA-MDT05-ETRS89-HU29-0828-LID.TIF,COG,84.45,2010
PNOA-MDT05-ETRS89-HU29-0829-LID.TIF,COG,81.64,2010
PNOA-MDT05-ETRS89-HU29-0830-LID.TIF,COG,87.31,2010
PNOA-MDT05-ETRS89-HU29-0851-LID.TIF,COG,35.31,2010
PNOA-MDT05-ETRS89-HU29-0852-LID.TIF,COG,85.30,2010
PNOA-MDT05-ETRS89-HU29-0853-LID.TIF,COG,88.91,2010
PNOA-MDT05-ETRS89-HU29-0854-LID.TIF,COG,82.36,2010
PNOA-MDT05-ETRS89-HU29-0855-LID.TIF,COG,85.94,2010
PNOA-MDT05-ETRS89-HU29-0873-LID.TIF,COG,9.29,2010
PNOA-MDT05-ETRS89-HU29-0874-LID.TIF,COG,85.29,"2010, 2014"
PNOA-MDT05-ETRS89-HU29-0875-LID.TIF,COG,88.43,"2010, 2014"
PNOA-MDT05-ETRS89-HU29-0876-LID.TIF,COG,85.50,2010
PNOA-MDT05-ETRS89-HU29-0877-LID.TIF,COG,83.43,2010
PNOA-MDT05-ETRS89-HU29-0895B-LID.TIF,COG,2.30,"2010, 2014, 2015"
PNOA-MDT05-ETRS89-HU29-0895-LID.TIF,COG,65.00,"2010, 2014"
PNOA-MDT05-ETRS89-HU29-0896-LID.TIF,COG,88.85,"2010, 2014"
PNOA-MDT05-ETRS89-HU29-0897-LID.TIF,COG,89.46,"2010, 2014"
PNOA-MDT05-ETRS89-HU29-0898-LID.TIF,COG,90.78,"2010, 2014"
PNOA-MDT05-ETRS89-HU29-0915-LID.TIF,COG,35.33,2014
PNOA-MDT05-ETRS89-HU29-0916-LID.TIF,COG,88.44,"2014, 2015"
PNOA-MDT05-ETRS89-HU29-0917-LID.TIF,COG,88.40,"2010, 2014, 2015"
PNOA-MDT05-ETRS89-HU29-0918-LID.TIF,COG,88.22,"2010, 2014, 2015"
PNOA-MDT05-ETRS89-HU29-0919-LID.TIF,COG,91.90,"2010, 2014"
PNOA-MDT05-ETRS89-HU29-0936-LID.TIF,COG,73.83,2014
PNOA-MDT05-ETRS89-HU29-0937-LID.TIF,COG,81.33,"2014, 2015"
PNOA-MDT05-ETRS89-HU29-0938-LID.TIF,COG,83.47,"2014, 2015"
PNOA-MDT05-ETRS89-HU29-0939-LID.TIF,COG,86.77,"2014, 2015"
PNOA-MDT05-ETRS89-HU29-0940-LID.TIF,COG,87.71,2014
PNOA-MDT05-ETRS89-HU29-0958-LID.TIF,COG,78.14,"2014, 2015"
PNOA-MDT05-ETRS89-HU29-0959-LID.TIF,COG,80.23,"2014, 2015"
PNOA-MDT05-ETRS89-HU29-0960-LID.TIF,COG,83.65,2015
PNOA-MDT05-ETRS89-HU29-0961-LID.TIF,COG,86.93,"2014, 2015"
PNOA-MDT05-ETRS89-HU29-0962-LID.TIF,COG,83.02,2014
PNOA-MDT05-ETRS89-HU29-0980-LID.TIF,COG,78.51,"2014, 2015"
PNOA-MDT05-ETRS89-HU29-0981-LID.TIF,COG,75.54,2015
PNOA-MDT05-ETRS89-HU29-0982-LID.TIF,COG,76.50,"2014, 2015"
PNOA-MDT05-ETRS89-HU29-0983-LID.TIF,COG,79.94,"2014, 2015"
PNOA-MDT05-ETRS89-HU29-0984-LID.TIF,COG,77.07,2014
PNOA-MDT05-ETRS89-HU29-0998-LID.TIF,COG,52.99,"2014, 2015"
PNOA-MDT05-ETRS89-HU29-0999-LID.TIF,COG,56.18,2015
PNOA-MDT05-ETRS89-HU29-1000-LID.TIF,COG,73.32,"2014, 2015"
PNOA-MDT05-ETRS89-HU29-1001-LID.TIF,COG,76.01,2014
PNOA-MDT05-ETRS89-HU29-1002-LID.TIF,COG,71.33,2014
PNOA-MDT05-ETRS89-HU29-1016-LID.TIF,COG,1.82,2015
PNOA-MDT05-ETRS89-HU29-1017-LID.TIF,COG,42.14,"2014, 2015"
PNOA-MDT05-ETRS89-HU29-1018-LID.TIF,COG,56.62,2014
PNOA-MDT05-ETRS89-HU29-1019-LID.TIF,COG,54.67,2014
PNOA-MDT05-ETRS89-HU29-1032B-LID.TIF,COG,1.07,2014
PNOA-MDT05-ETRS89-HU29-1033-LID.TIF,COG,47.63,2014
PNOA-MDT05-ETRS89-HU29-1034-LID.TIF,COG,76.22,"2014, 2015"
PNOA-MDT05-ETRS89-HU29-1047-LID.TIF,COG,51.79,"2014, 2015"
PNOA-MDT05-ETRS89-HU29-1048-LID.TIF,COG,83.90,"2014, 2015"
PNOA-MDT05-ETRS89-HU29-1061-LID.TIF,COG,23.88,2015
PNOA-MDT05-ETRS89-HU29-1062-LID.TIF,COG,80.13,2015
PNOA-MDT05-ETRS89-HU29-1068-LID.TIF,COG,6.32,2015
PNOA-MDT05-ETRS89-HU29-1069-LID.TIF,COG,83.45,2015
PNOA-MDT05-ETRS89-HU29-1073-LID.TIF,COG,55.46,2015
PNOA-MDT05-ETRS89-HU29-1076-LID.TIF,COG,1.27,2015
PNOA-MDT05-ETRS89-HU30-0001-LID.TIF,COG,21.52,2010
PNOA-MDT05-ETRS89-HU30-0002-LID.TIF,COG,35.65,"2009, 2010"
PNOA-MDT05-ETRS89-HU30-0003-LID.TIF,COG,10.45,2009
PNOA-MDT05-ETRS89-HU30-0006-LID.TIF,COG,15.60,2010
PNOA-MDT05-ETRS89-HU30-0007-LID.TIF,COG,81.30,2010
PNOA-MDT05-ETRS89-HU30-0008-LID.TIF,COG,91.79,"2009, 2010"
PNOA-MDT05-ETRS89-HU30-0009-LID.TIF,COG,68.39,2009
PNOA-MDT05-ETRS89-HU30-0010-LID.TIF,COG,30.84,"2009, 2012"
PNOA-MDT05-ETRS89-HU30-0011-LID.TIF,COG,32.29,2012
PNOA-MDT05-ETRS89-HU30-0012-LID.TIF,COG,35.21,2012
PNOA-MDT05-ETRS89-HU30-0013-LID.TIF,COG,42.66,2012
PNOA-MDT05-ETRS89-HU30-0014-LID.TIF,COG,38.68,2012
PNOA-MDT05-ETRS89-HU30-0015-LID.TIF,COG,16.30,2012
PNOA-MDT05-ETRS89-HU30-0018-LID.TIF,COG,1.09,2012
PNOA-MDT05-ETRS89-HU30-0020-LID.TIF,COG,1.51,2010
PNOA-MDT05-ETRS89-HU30-0021-LID.TIF,COG,36.64,2010
PNOA-MDT05-ETRS89-HU30-0022-LID.TIF,COG,87.50,"2009, 2010"
PNOA-MDT05-ETRS89-HU30-0023-LID.TIF,COG,87.71,"2009, 2010"
PNOA-MDT05-ETRS89-HU30-0024-LID.TIF,COG,90.58,"2009, 2012"
PNOA-MDT05-ETRS89-HU30-0025-LID.TIF,COG,91.58,"2009, 2012"
PNOA-MDT05-ETRS89-HU30-0026-LID.TIF,COG,91.92,2012
PNOA-MDT05-ETRS89-HU30-0027-LID.TIF,COG,90.14,2012
PNOA-MDT05-ETRS89-HU30-0028-LID.TIF,COG,87.71,2012
PNOA-MDT05-ETRS89-HU30-0029-LID.TIF,COG,83.98,2012
PNOA-MDT05-ETRS89-HU30-0030-LID.TIF,COG,83.70,2012
PNOA-MDT05-ETRS89-HU30-0031-LID.TIF,COG,66.52,"2010, 2012"
PNOA-MDT05-ETRS89-HU30-0032-LID.TIF,COG,40.38,"2010, 2012"
PNOA-MDT05-ETRS89-HU30-0033-LID.TIF,COG,30.95,2012
PNOA-MDT05-ETRS89-HU30-0034-LID.TIF,COG,51.77,2012
PNOA-MDT05-ETRS89-HU30-0035-LID.TIF,COG,69.21,2012
PNOA-MDT05-ETRS89-HU30-0036-LID.TIF,COG,40.77,2012
PNOA-MDT05-ETRS89-HU30-0037-LID.TIF,COG,25.78,2012
PNOA-MDT05-ETRS89-HU30-0038-LID.TIF,COG,39.60,2012
PNOA-MDT05-ETRS89-HU30-0039-LID.TIF,COG,2.97,2012
PNOA-MDT05-ETRS89-HU30-0040-LID.TIF,COG,2.87,2012
PNOA-MDT05-ETRS89-HU30-0041-LID.TIF,COG,12.48,2012
PNOA-MDT05-ETRS89-HU30-0043-LID.TIF,COG,38.85,2010
PNOA-MDT05-ETRS89-HU30-0044-LID.TIF,COG,73.89,2010
PNOA-MDT05-ETRS89-HU30-0045-LID.TIF,COG,88.11,2010
PNOA-MDT05-ETRS89-HU30-0046-LID.TIF,COG,88.46,"2009, 2010"
PNOA-MDT05-ETRS89-HU30-0047-LID.TIF,COG,82.50,"2009, 2010"
PNOA-MDT05-ETRS89-HU30-0048-LID.TIF,COG,85.05,2009
PNOA-MDT05-ETRS89-HU30-0049-LID.TIF,COG,91.51,"2009, 2012"
PNOA-MDT05-ETRS89-HU30-0050-LID.TIF,COG,91.26,"2009, 2012"
PNOA-MDT05-ETRS89-HU30-0051-LID.TIF,COG,91.57,2012
PNOA-MDT05-ETRS89-HU30-0052-LID.TIF,COG,90.65,2012
PNOA-MDT05-ETRS89-HU30-0053-LID.TIF,COG,89.32,2012
PNOA-MDT05-ETRS89-HU30-0054-LID.TIF,COG,89.30,2012
PNOA-MDT05-ETRS89-HU30-0055-LID.TIF,COG,88.38,"2010, 2012"
PNOA-MDT05-ETRS89-HU30-0056-LID.TIF,COG,87.58,"2010, 2012"
PNOA-MDT05-ETRS89-HU30-0057-LID.TIF,COG,85.90,2012
PNOA-MDT05-ETRS89-HU30-0058-LID.TIF,COG,84.39,2012
PNOA-MDT05-ETRS89-HU30-0059-LID.TIF,COG,84.48,"2010, 2012"
PNOA-MDT05-ETRS89-HU30-0060-LID.TIF,COG,83.66,"2010, 2012"
PNOA-MDT05-ETRS89-HU30-0061-LID.TIF,COG,80.43,"2010, 2012"
PNOA-MDT05-ETRS89-HU30-0062-LID.TIF,COG,82.48,2012
PNOA-MDT05-ETRS89-HU30-0063-LID.TIF,COG,74.43,2012
PNOA-MDT05-ETRS89-HU30-0064-LID.TIF,COG,74.47,2012
PNOA-MDT05-ETRS89-HU30-0065-LID.TIF,COG,83.15,2012
PNOA-MDT05-ETRS89-HU30-0066-LID.TIF,COG,35.07,2012
PNOA-MDT05-ETRS89-HU30-0067-LID.TIF,COG,14.23,2010
PNOA-MDT05-ETRS89-HU30-0068-LID.TIF,COG,86.95,2010
PNOA-MDT05-ETRS89-HU30-0069-LID.TIF,COG,88.27,2010
PNOA-MDT05-ETRS89-HU30-0070-LID.TIF,COG,87.58,2010
PNOA-MDT05-ETRS89-HU30-0071-LID.TIF,COG,86.52,"2009, 2010"
PNOA-MDT05-ETRS89-HU30-0072-LID.TIF,COG,83.41,2009
PNOA-MDT05-ETRS89-HU30-0073-LID.TIF,COG,87.27,2009
PNOA-MDT05-ETRS89-HU30-0074-LID.TIF,COG,92.13,"2009, 2012"
PNOA-MDT05-ETRS89-HU30-0075-LID.TIF,COG,92.08,"2009, 2010, 2012"
PNOA-MDT05-ETRS89-HU30-0076-LID.TIF,COG,90.40,"2010, 2012"
PNOA-MDT05-ETRS89-HU30-0077-LID.TIF,COG,89.36,"2010, 2012"
PNOA-MDT05-ETRS89-HU30-0078-LID.TIF,COG,89.60,"2010, 2012"
PNOA-MDT05-ETRS89-HU30-0079-LID.TIF,COG,87.04,"2010, 2012"
PNOA-MDT05-ETRS89-HU30-0080-LID.TIF,COG,86.01,"2010, 2012"
PNOA-MDT05-ETRS89-HU30-0081-LID.TIF,COG,86.79,"2010, 2012"
PNOA-MDT05-ETRS89-HU30-0082-LID.TIF,COG,84.77,"2010, 2012"
PNOA-MDT05-ETRS89-HU30-0083-LID.TIF,COG,78.04,"2010, 2012"
PNOA-MDT05-ETRS89-HU30-0084-LID.TIF,COG,82.29,"2010, 2012"
PNOA-MDT05-ETRS89-HU30-0085-LID.TIF,COG,79.59,"2010, 2012"
PNOA-MDT05-ETRS89-HU30-0086-LID.TIF,COG,80.83,"2010, 2012"
PNOA-MDT05-ETRS89-HU30-0087-LID.TIF,COG,82.98,2012
PNOA-MDT05-ETRS89-HU30-0088-LID.TIF,COG,85.20,2012
PNOA-MDT05-ETRS89-HU30-0089-LID.TIF,COG,85.79,2012
PNOA-MDT05-ETRS89-HU30-0090-LID.TIF,COG,85.58,2012
PNOA-MDT05-ETRS89-HU30-0091B-LID.TIF,COG,10.36,2012
PNOA-MDT05-ETRS89-HU30-0091-LID.TIF,COG,67.57,2012
PNOA-MDT05-ETRS89-HU30-0092-LID.TIF,COG,12.61,2010
PNOA-MDT05-ETRS89-HU30-0093-LID.TIF,COG,81.91,2010
PNOA-MDT05-ETRS89-HU30-0094-LID.TIF,COG,90.75,2010
PNOA-MDT05-ETRS89-HU30-0095-LID.TIF,COG,88.37,2010
PNOA-MDT05-ETRS89-HU30-0096-LID.TIF,COG,87.81,"2009, 2010"
PNOA-MDT05-ETRS89-HU30-0097-LID.TIF,COG,86.85,2009
PNOA-MDT05-ETRS89-HU30-0098-LID.TIF,COG,87.39,2009
PNOA-MDT05-ETRS89-HU30-0099-LID.TIF,COG,92.47,"2009, 2010, 2012"
PNOA-MDT05-ETRS89-HU30-0100-LID.TIF,COG,90.89,"2009, 2010, 2012"
PNOA-MDT05-ETRS89-HU30-0101-LID.TIF,COG,88.70,"2010, 2012"
PNOA-MDT05-ETRS89-HU30-0102-LID.TIF,COG,86.28,"2010, 2012"
PNOA-MDT05-ETRS89-HU30-0103-LID.TIF,COG,86.05,"2010, 2012"
PNOA-MDT05-ETRS89-HU30-0104-LID.TIF,COG,84.11,2010
PNOA-MDT05-ETRS89-HU30-0105-LID.TIF,COG,83.31,2010
PNOA-MDT05-ETRS89-HU30-0106-LID.TIF,COG,83.35,"2010, 2012"
PNOA-MDT05-ETRS89-HU30-0107-LID.TIF,COG,80.68,"2010, 2012"
PNOA-MDT05-ETRS89-HU30-0108-LID.TIF,COG,76.57,"2010, 2012"
PNOA-MDT05-ETRS89-HU30-0109-LID.TIF,COG,79.50,2010
PNOA-MDT05-ETRS89-HU30-0110-LID.TIF,COG,78.77,"2010, 2012"
PNOA-MDT05-ETRS89-HU30-0111-LID.TIF,COG,78.29,"2010, 2012"
PNOA-MDT05-ETRS89-HU30-0112-LID.TIF,COG,69.24,"2010, 2012"
PNOA-MDT05-ETRS89-HU30-0113-LID.TIF,COG,79.95,2012
PNOA-MDT05-ETRS89-HU30-0114-LID.TIF,COG,80.85,2012
PNOA-MDT05-ETRS89-HU30-0115-LID.TIF,COG,83.26,2012
PNOA-MDT05-ETRS89-HU30-0116-LID.TIF,COG,84.28,2012
PNOA-MDT05-ETRS89-HU30-0117-LID.TIF,COG,82.34,"2010, 2012"
PNOA-MDT05-ETRS89-HU30-0118B-LID.TIF,COG,17.55,"2008, 2009, 2010, "
PNOA-MDT05-ETRS89-HU30-0118-LID.TIF,COG,47.41,"2010, 2012"
PNOA-MDT05-ETRS89-HU30-0119-LID.TIF,COG,53.54,2010
PNOA-MDT05-ETRS89-HU30-0120-LID.TIF,COG,91.36,2010
PNOA-MDT05-ETRS89-HU30-0121-LID.TIF,COG,91.28,2010
PNOA-MDT05-ETRS89-HU30-0122-LID.TIF,COG,88.67,"2009, 2010"
PNOA-MDT05-ETRS89-HU30-0123-LID.TIF,COG,87.66,2009
PNOA-MDT05-ETRS89-HU30-0124-LID.TIF,COG,88.78,2009
PNOA-MDT05-ETRS89-HU30-0125-LID.TIF,COG,91.53,"2009, 2010"
PNOA-MDT05-ETRS89-HU30-0126-LID.TIF,COG,89.47,"2009, 2010, 2012"
PNOA-MDT05-ETRS89-HU30-0127-LID.TIF,COG,88.49,"2010, 2012"
PNOA-MDT05-ETRS89-HU30-0128-LID.TIF,COG,83.24,2010
PNOA-MDT05-ETRS89-HU30-0129-LID.TIF,COG,81.24,2010
PNOA-MDT05-ETRS89-HU30-0130-LID.TIF,COG,81.20,2010
PNOA-MDT05-ETRS89-HU30-0131-LID.TIF,COG,79.65,2010
PNOA-MDT05-ETRS89-HU30-0132-LID.TIF,COG,75.38,2010
PNOA-MDT05-ETRS89-HU30-0133-LID.TIF,COG,76.64,2010
PNOA-MDT05-ETRS89-HU30-0134-LID.TIF,COG,77.35,2010
PNOA-MDT05-ETRS89-HU30-0135-LID.TIF,COG,78.73,2010
PNOA-MDT05-ETRS89-HU30-0136-LID.TIF,COG,79.00,"2010, 2012"
PNOA-MDT05-ETRS89-HU30-0137-LID.TIF,COG,77.64,"2010, 2012"
PNOA-MDT05-ETRS89-HU30-0138-LID.TIF,COG,78.35,"2010, 2012"
PNOA-MDT05-ETRS89-HU30-0139-LID.TIF,COG,76.71,"2010, 2012"
PNOA-MDT05-ETRS89-HU30-0140-LID.TIF,COG,81.83,2012
PNOA-MDT05-ETRS89-HU30-0141-LID.TIF,COG,80.61,2012
PNOA-MDT05-ETRS89-HU30-0142-LID.TIF,COG,82.74,"2010, 2012"
PNOA-MDT05-ETRS89-HU30-0143-LID.TIF,COG,85.85,"2010, 2012"
PNOA-MDT05-ETRS89-HU30-0144-LID.TIF,COG,88.20,"2010, 2012"
PNOA-MDT05-ETRS89-HU30-0145B-LID.TIF,COG,7.44,2010
PNOA-MDT05-ETRS89-HU30-0145-LID.TIF,COG,85.59,2010
PNOA-MDT05-ETRS89-HU30-0146-LID.TIF,COG,45.11,2010
PNOA-MDT05-ETRS89-HU30-0147-LID.TIF,COG,38.25,2010
PNOA-MDT05-ETRS89-HU30-0148-LID.TIF,COG,71.98,"2008, 2009, 2010, "
PNOA-MDT05-ETRS89-HU30-0149B-LID.TIF,COG,5.16,"2008, 2009, 2010, "
PNOA-MDT05-ETRS89-HU30-0149-LID.TIF,COG,85.40,"2008, 2009, 2010, "
PNOA-MDT05-ETRS89-HU30-0150-LID.TIF,COG,43.03,"2008, 2009, 2010, "
PNOA-MDT05-ETRS89-HU30-0151-LID.TIF,COG,30.41,2010
PNOA-MDT05-ETRS89-HU30-0152-LID.TIF,COG,79.00,2010
PNOA-MDT05-ETRS89-HU30-0153-LID.TIF,COG,93.46,"2009, 2010"
PNOA-MDT05-ETRS89-HU30-0154-LID.TIF,COG,90.12,"2009, 2010"
PNOA-MDT05-ETRS89-HU30-0155-LID.TIF,COG,87.85,2009
PNOA-MDT05-ETRS89-HU30-0156-LID.TIF,COG,90.34,2009
PNOA-MDT05-ETRS89-HU30-0157-LID.TIF,COG,92.33,"2009, 2010"
PNOA-MDT05-ETRS89-HU30-0158-LID.TIF,COG,83.80,"2009, 2010"
PNOA-MDT05-ETRS89-HU30-0159-LID.TIF,COG,85.75,2010
PNOA-MDT05-ETRS89-HU30-0160-LID.TIF,COG,77.33,2010
PNOA-MDT05-ETRS89-HU30-0161-LID.TIF,COG,73.05,2010
PNOA-MDT05-ETRS89-HU30-0162-LID.TIF,COG,73.93,2010
PNOA-MDT05-ETRS89-HU30-0163-LID.TIF,COG,74.52,2010
PNOA-MDT05-ETRS89-HU30-0164-LID.TIF,COG,73.03,2010
PNOA-MDT05-ETRS89-HU30-0165-LID.TIF,COG,75.18,2010
PNOA-MDT05-ETRS89-HU30-0166-LID.TIF,COG,74.84,2010
PNOA-MDT05-ETRS89-HU30-0167-LID.TIF,COG,76.53,2010
PNOA-MDT05-ETRS89-HU30-0168-LID.TIF,COG,74.20,2010
PNOA-MDT05-ETRS89-HU30-0169-LID.TIF,COG,71.98,"2010, 2012"
PNOA-MDT05-ETRS89-HU30-0170-LID.TIF,COG,73.49,"2010, 2012"
PNOA-MDT05-ETRS89-HU30-0171-LID.TIF,COG,77.64,"2010, 2012"
PNOA-MDT05-ETRS89-HU30-0172-LID.TIF,COG,78.70,2012
PNOA-MDT05-ETRS89-HU30-0173-LID.TIF,COG,80.17,2012
PNOA-MDT05-ETRS89-HU30-0174-LID.TIF,COG,81.87,"2010, 2012"
PNOA-MDT05-ETRS89-HU30-0175-LID.TIF,COG,81.18,"2010, 2012"
PNOA-MDT05-ETRS89-HU30-0176-LID.TIF,COG,84.14,2010
PNOA-MDT05-ETRS89-HU30-0177-LID.TIF,COG,86.53,2010
PNOA-MDT05-ETRS89-HU30-0178-LID.TIF,COG,89.73,2010
PNOA-MDT05-ETRS89-HU30-0179-LID.TIF,COG,91.00,2010
PNOA-MDT05-ETRS89-HU30-0180-LID.TIF,COG,91.41,"2008, 2009, 2010, "
PNOA-MDT05-ETRS89-HU30-0181-LID.TIF,COG,91.28,"2008, 2009, 2010, "
PNOA-MDT05-ETRS89-HU30-0182-LID.TIF,COG,93.52,"2008, 2009, 2010, "
PNOA-MDT05-ETRS89-HU30-0183-LID.TIF,COG,86.62,"2008, 2009, 2010, "
PNOA-MDT05-ETRS89-HU30-0184-LID.TIF,COG,6.81,2010
PNOA-MDT05-ETRS89-HU30-0185-LID.TIF,COG,77.39,"2009, 2010"
PNOA-MDT05-ETRS89-HU30-0186-LID.TIF,COG,94.00,"2009, 2010"
PNOA-MDT05-ETRS89-HU30-0187-LID.TIF,COG,90.65,2009
PNOA-MDT05-ETRS89-HU30-0188-LID.TIF,COG,90.42,2009
PNOA-MDT05-ETRS89-HU30-0189-LID.TIF,COG,91.62,2009
PNOA-MDT05-ETRS89-HU30-0190-LID.TIF,COG,91.89,"2009, 2010"
PNOA-MDT05-ETRS89-HU30-0191-LID.TIF,COG,91.27,"2009, 2010"
PNOA-MDT05-ETRS89-HU30-0192-LID.TIF,COG,85.08,2010
PNOA-MDT05-ETRS89-HU30-0193-LID.TIF,COG,73.96,2010
PNOA-MDT05-ETRS89-HU30-0194-LID.TIF,COG,64.38,2010
PNOA-MDT05-ETRS89-HU30-0195-LID.TIF,COG,67.03,2010
PNOA-MDT05-ETRS89-HU30-0196-LID.TIF,COG,71.22,2010
PNOA-MDT05-ETRS89-HU30-0197-LID.TIF,COG,67.68,2010
PNOA-MDT05-ETRS89-HU30-0198-LID.TIF,COG,69.31,2010
PNOA-MDT05-ETRS89-HU30-0199-LID.TIF,COG,71.57,2010
PNOA-MDT05-ETRS89-HU30-0200-LID.TIF,COG,74.04,2010
PNOA-MDT05-ETRS89-HU30-0201-LID.TIF,COG,77.02,2010
PNOA-MDT05-ETRS89-HU30-0202-LID.TIF,COG,76.06,2010
PNOA-MDT05-ETRS89-HU30-0203-LID.TIF,COG,74.13,"2010, 2012"
PNOA-MDT05-ETRS89-HU30-0204-LID.TIF,COG,75.02,"2010, 2012"
PNOA-MDT05-ETRS89-HU30-0205-LID.TIF,COG,76.00,"2010, 2012"
PNOA-MDT05-ETRS89-HU30-0206-LID.TIF,COG,73.66,"2010, 2012"
PNOA-MDT05-ETRS89-HU30-0207-LID.TIF,COG,80.11,"2010, 2012"
PNOA-MDT05-ETRS89-HU30-0208-LID.TIF,COG,85.06,"2010, 2012"
PNOA-MDT05-ETRS89-HU30-0209-LID.TIF,COG,86.18,2010
PNOA-MDT05-ETRS89-HU30-0210-LID.TIF,COG,85.45,2010
PNOA-MDT05-ETRS89-HU30-0211-LID.TIF,COG,87.67,2010
PNOA-MDT05-ETRS89-HU30-0212-LID.TIF,COG,89.21,2010
PNOA-MDT05-ETRS89-HU30-0213-LID.TIF,COG,89.95,"2008, 2009, 2010, "
PNOA-MDT05-ETRS89-HU30-0214-LID.TIF,COG,92.20,"2008, 2009, 2010, "
PNOA-MDT05-ETRS89-HU30-0215-LID.TIF,COG,92.39,"2008, 2009, 2010, "
PNOA-MDT05-ETRS89-HU30-0216-LID.TIF,COG,91.83,"2008, 2009, 2010, "
PNOA-MDT05-ETRS89-HU30-0217B-LID.TIF,COG,3.44,"2008, 2009, 2010, "
PNOA-MDT05-ETRS89-HU30-0217-LID.TIF,COG,76.65,"2008, 2009, 2010, "
PNOA-MDT05-ETRS89-HU30-0218-LID.TIF,COG,63.61,"2008, 2009, 2010, "
PNOA-MDT05-ETRS89-HU30-0219-LID.TIF,COG,55.66,"2008, 2009, 2010, "
PNOA-MDT05-ETRS89-HU30-0220-LID.TIF,COG,84.70,"2008, 2009, 2010, "
PNOA-MDT05-ETRS89-HU30-0221-LID.TIF,COG,9.63,"2008, 2009, 2010, "
PNOA-MDT05-ETRS89-HU30-0222-LID.TIF,COG,2.27,2010
PNOA-MDT05-ETRS89-HU30-0223-LID.TIF,COG,74.12,"2009, 2010"
PNOA-MDT05-ETRS89-HU30-0224-LID.TIF,COG,94.58,2009
PNOA-MDT05-ETRS89-HU30-0225-LID.TIF,COG,91.09,2009
PNOA-MDT05-ETRS89-HU30-0226-LID.TIF,COG,88.16,2009
PNOA-MDT05-ETRS89-HU30-0227-LID.TIF,COG,90.00,2009
PNOA-MDT05-ETRS89-HU30-0228-LID.TIF,COG,88.40,"2009, 2010"
PNOA-MDT05-ETRS89-HU30-0229-LID.TIF,COG,89.99,"2009, 2010"
PNOA-MDT05-ETRS89-HU30-0230-LID.TIF,COG,86.43,2010
PNOA-MDT05-ETRS89-HU30-0231-LID.TIF,COG,75.09,2010
PNOA-MDT05-ETRS89-HU30-0232-LID.TIF,COG,64.19,2010
PNOA-MDT05-ETRS89-HU30-0233-LID.TIF,COG,71.46,2010
PNOA-MDT05-ETRS89-HU30-0234-LID.TIF,COG,71.21,2010
PNOA-MDT05-ETRS89-HU30-0235-LID.TIF,COG,69.19,2010
PNOA-MDT05-ETRS89-HU30-0236-LID.TIF,COG,69.96,2010
PNOA-MDT05-ETRS89-HU30-0237-LID.TIF,COG,73.21,2010
PNOA-MDT05-ETRS89-HU30-0238-LID.TIF,COG,74.35,2010
PNOA-MDT05-ETRS89-HU30-0239-LID.TIF,COG,78.77,2010
PNOA-MDT05-ETRS89-HU30-0240-LID.TIF,COG,83.55,2010
PNOA-MDT05-ETRS89-HU30-0241-LID.TIF,COG,83.11,2010
PNOA-MDT05-ETRS89-HU30-0242-LID.TIF,COG,83.18,2010
PNOA-MDT05-ETRS89-HU30-0243-LID.TIF,COG,78.12,"2010, 2012"
PNOA-MDT05-ETRS89-HU30-0244-LID.TIF,COG,70.84,"2010, 2012"
PNOA-MDT05-ETRS89-HU30-0245-LID.TIF,COG,72.68,"2010, 2012"
PNOA-MDT05-ETRS89-HU30-0246-LID.TIF,COG,82.57,2010
PNOA-MDT05-ETRS89-HU30-0247-LID.TIF,COG,81.92,2010
PNOA-MDT05-ETRS89-HU30-0248-LID.TIF,COG,84.49,2010
PNOA-MDT05-ETRS89-HU30-0249-LID.TIF,COG,88.09,2010
PNOA-MDT05-ETRS89-HU30-0250-LID.TIF,COG,87.23,2010
PNOA-MDT05-ETRS89-HU30-0251-LID.TIF,COG,89.35,"2008, 2009, 2010, "
PNOA-MDT05-ETRS89-HU30-0252-LID.TIF,COG,89.91,"2008, 2009, 2010, "
PNOA-MDT05-ETRS89-HU30-0253-LID.TIF,COG,91.75,"2008, 2009, 2010, "
PNOA-MDT05-ETRS89-HU30-0254-LID.TIF,COG,93.04,"2008, 2009, 2010, "
PNOA-MDT05-ETRS89-HU30-0255-LID.TIF,COG,93.09,"2008, 2009, 2010, "
PNOA-MDT05-ETRS89-HU30-0256-LID.TIF,COG,93.96,"2008, 2009, 2010, "
PNOA-MDT05-ETRS89-HU30-0257-LID.TIF,COG,95.07,"2008, 2009, 2010, "
PNOA-MDT05-ETRS89-HU30-0258-LID.TIF,COG,78.14,"2008, 2009, 2010, "
PNOA-MDT05-ETRS89-HU30-0259-LID.TIF,COG,22.69,"2008, 2009, 2010, "
PNOA-MDT05-ETRS89-HU30-0260-LID.TIF,COG,8.83,"2009, 2010"
PNOA-MDT05-ETRS89-HU30-0261-LID.TIF,COG,85.11,"2009, 2010"
PNOA-MDT05-ETRS89-HU30-0262-LID.TIF,COG,54.27,2009
PNOA-MDT05-ETRS89-HU30-0263-LID.TIF,COG,86.96,2009
PNOA-MDT05-ETRS89-HU30-0264-LID.TIF,COG,79.02,2009
PNOA-MDT05-ETRS89-HU30-0265-LID.TIF,COG,90.68,2009
PNOA-MDT05-ETRS89-HU30-0266-LID.TIF,COG,88.96,"2009, 2010"
PNOA-MDT05-ETRS89-HU30-0267-LID.TIF,COG,84.83,2010
PNOA-MDT05-ETRS89-HU30-0268-LID.TIF,COG,80.75,2010
PNOA-MDT05-ETRS89-HU30-0269-LID.TIF,COG,75.84,2010
PNOA-MDT05-ETRS89-HU30-0270-LID.TIF,COG,70.93,2010
PNOA-MDT05-ETRS89-HU30-0271-LID.TIF,COG,71.65,2010
PNOA-MDT05-ETRS89-HU30-0272-LID.TIF,COG,69.30,2010
PNOA-MDT05-ETRS89-HU30-0273-LID.TIF,COG,65.00,2010
PNOA-MDT05-ETRS89-HU30-0274-LID.TIF,COG,72.34,2010
PNOA-MDT05-ETRS89-HU30-0275-LID.TIF,COG,73.24,2010
PNOA-MDT05-ETRS89-HU30-0276-LID.TIF,COG,73.67,2010
PNOA-MDT05-ETRS89-HU30-0277-LID.TIF,COG,77.52,2010
PNOA-MDT05-ETRS89-HU30-0278-LID.TIF,COG,81.10,2010
PNOA-MDT05-ETRS89-HU30-0279-LID.TIF,COG,82.72,2010
PNOA-MDT05-ETRS89-HU30-0280-LID.TIF,COG,82.18,2010
PNOA-MDT05-ETRS89-HU30-0281-LID.TIF,COG,82.97,"2010, 2012"
PNOA-MDT05-ETRS89-HU30-0282-LID.TIF,COG,71.93,"2010, 2012"
PNOA-MDT05-ETRS89-HU30-0283-LID.TIF,COG,75.73,"2010, 2012"
PNOA-MDT05-ETRS89-HU30-0284-LID.TIF,COG,75.98,2010
PNOA-MDT05-ETRS89-HU30-0285-LID.TIF,COG,76.18,2010
PNOA-MDT05-ETRS89-HU30-0286-LID.TIF,COG,77.16,2010
PNOA-MDT05-ETRS89-HU30-0287-LID.TIF,COG,83.68,2010
PNOA-MDT05-ETRS89-HU30-0288-LID.TIF,COG,86.63,2010
PNOA-MDT05-ETRS89-HU30-0289-LID.TIF,COG,88.24,"2008, 2009, 2010, "
PNOA-MDT05-ETRS89-HU30-0290-LID.TIF,COG,90.08,"2008, 2009, 2010, "
PNOA-MDT05-ETRS89-HU30-0291-LID.TIF,COG,91.21,"2008, 2009, 2010, "
PNOA-MDT05-ETRS89-HU30-0292-LID.TIF,COG,91.68,"2008, 2009, 2010, "
PNOA-MDT05-ETRS89-HU30-0293-LID.TIF,COG,91.65,"2008, 2009, 2010, "
PNOA-MDT05-ETRS89-HU30-0294-LID.TIF,COG,93.04,"2008, 2009, 2010, "
PNOA-MDT05-ETRS89-HU30-0295-LID.TIF,COG,94.51,"2008, 2009, 2010, "
PNOA-MDT05-ETRS89-HU30-0296-LID.TIF,COG,82.21,"2008, 2009, 2010, "
PNOA-MDT05-ETRS89-HU30-0297-LID.TIF,COG,9.71,"2008, 2009, 2010, "
PNOA-MDT05-ETRS89-HU30-0298-LID.TIF,COG,8.44,2009
PNOA-MDT05-ETRS89-HU30-0299-LID.TIF,COG,30.45,2009
PNOA-MDT05-ETRS89-HU30-0300B-LID.TIF,COG,0.98,2009
PNOA-MDT05-ETRS89-HU30-0300-LID.TIF,COG,12.93,2009
PNOA-MDT05-ETRS89-HU30-0301-LID.TIF,COG,89.98,2009
PNOA-MDT05-ETRS89-HU30-0302B-LID.TIF,COG,9.46,2009
PNOA-MDT05-ETRS89-HU30-0302-LID.TIF,COG,82.47,2009
PNOA-MDT05-ETRS89-HU30-0303B-LID.TIF,COG,12.39,2009
PNOA-MDT05-ETRS89-HU30-0303-LID.TIF,COG,88.06,2009
PNOA-MDT05-ETRS89-HU30-0304-LID.TIF,COG,44.00,"2009, 2010"
PNOA-MDT05-ETRS89-HU30-0305-LID.TIF,COG,58.74,2010
PNOA-MDT05-ETRS89-HU30-0306-LID.TIF,COG,81.02,2010
PNOA-MDT05-ETRS89-HU30-0307-LID.TIF,COG,77.12,2010
PNOA-MDT05-ETRS89-HU30-0308-LID.TIF,COG,68.76,2010
PNOA-MDT05-ETRS89-HU30-0309-LID.TIF,COG,69.72,2010
PNOA-MDT05-ETRS89-HU30-0310-LID.TIF,COG,69.11,2010
PNOA-MDT05-ETRS89-HU30-0311-LID.TIF,COG,66.11,2010
PNOA-MDT05-ETRS89-HU30-0312-LID.TIF,COG,72.65,2010
PNOA-MDT05-ETRS89-HU30-0313-LID.TIF,COG,68.26,2010
PNOA-MDT05-ETRS89-HU30-0314-LID.TIF,COG,72.56,2010
PNOA-MDT05-ETRS89-HU30-0315-LID.TIF,COG,76.28,2010
PNOA-MDT05-ETRS89-HU30-0316-LID.TIF,COG,76.38,2010
PNOA-MDT05-ETRS89-HU30-0317-LID.TIF,COG,75.91,2010
PNOA-MDT05-ETRS89-HU30-0318-LID.TIF,COG,76.91,2010
PNOA-MDT05-ETRS89-HU30-0319-LID.TIF,COG,81.38,"2010, 2012"
PNOA-MDT05-ETRS89-HU30-0320-LID.TIF,COG,77.75,"2010, 2012"
PNOA-MDT05-ETRS89-HU30-0321-LID.TIF,COG,68.41,"2010, 2012"
PNOA-MDT05-ETRS89-HU30-0322-LID.TIF,COG,82.49,2010
PNOA-MDT05-ETRS89-HU30-0323-LID.TIF,COG,79.27,2010
PNOA-MDT05-ETRS89-HU30-0324-LID.TIF,COG,75.57,2010
PNOA-MDT05-ETRS89-HU30-0325-LID.TIF,COG,78.44,2010
PNOA-MDT05-ETRS89-HU30-0326-LID.TIF,COG,82.15,"2008, 2009, 2010, "
PNOA-MDT05-ETRS89-HU30-0327-LID.TIF,COG,87.24,"2008, 2009, 2010, "
PNOA-MDT05-ETRS89-HU30-0328-LID.TIF,COG,88.61,"2008, 2009, 2010, "
PNOA-MDT05-ETRS89-HU30-0329-LID.TIF,COG,88.45,"2008, 2009, 2010, "
PNOA-MDT05-ETRS89-HU30-0330-LID.TIF,COG,90.89,"2008, 2009, 2010, "
PNOA-MDT05-ETRS89-HU30-0331-LID.TIF,COG,92.83,"2008, 2009, 2010, "
PNOA-MDT05-ETRS89-HU30-0332-LID.TIF,COG,91.82,"2008, 2009, 2010, "
PNOA-MDT05-ETRS89-HU30-0333-LID.TIF,COG,91.68,"2008, 2009, 2010, "
PNOA-MDT05-ETRS89-HU30-0334-LID.TIF,COG,88.59,"2008, 2009, 2010, "
PNOA-MDT05-ETRS89-HU30-0335-LID.TIF,COG,15.42,"2008, 2009, 2010, "
PNOA-MDT05-ETRS89-HU30-0336-LID.TIF,COG,14.46,2009
PNOA-MDT05-ETRS89-HU30-0337-LID.TIF,COG,20.20,"2010, 2014"
PNOA-MDT05-ETRS89-HU30-0338-LID.TIF,COG,81.54,"2010, 2014"
PNOA-MDT05-ETRS89-HU30-0339-LID.TIF,COG,80.16,"2010, 2014"
PNOA-MDT05-ETRS89-HU30-0340-LID.TIF,COG,69.38,"2010, 2014"
PNOA-MDT05-ETRS89-HU30-0341-LID.TIF,COG,69.52,"2010, 2014"
PNOA-MDT05-ETRS89-HU30-0342-LID.TIF,COG,62.11,"2010, 2014"
PNOA-MDT05-ETRS89-HU30-0343-LID.TIF,COG,70.65,"2010, 2014"
PNOA-MDT05-ETRS89-HU30-0344-LID.TIF,COG,72.42,2010
PNOA-MDT05-ETRS89-HU30-0345-LID.TIF,COG,71.23,2010
PNOA-MDT05-ETRS89-HU30-0346-LID.TIF,COG,71.97,2010
PNOA-MDT05-ETRS89-HU30-0347-LID.TIF,COG,74.05,2010
PNOA-MDT05-ETRS89-HU30-0348-LID.TIF,COG,75.98,2010
PNOA-MDT05-ETRS89-HU30-0349-LID.TIF,COG,71.23,2010
PNOA-MDT05-ETRS89-HU30-0350-LID.TIF,COG,71.67,2010
PNOA-MDT05-ETRS89-HU30-0351-LID.TIF,COG,76.28,2010
PNOA-MDT05-ETRS89-HU30-0352-LID.TIF,COG,83.34,2010
PNOA-MDT05-ETRS89-HU30-0353-LID.TIF,COG,75.65,2010
PNOA-MDT05-ETRS89-HU30-0354-LID.TIF,COG,73.74,2010
PNOA-MDT05-ETRS89-HU30-0355-LID.TIF,COG,78.80,2010
PNOA-MDT05-ETRS89-HU30-0356-LID.TIF,COG,80.73,2010
PNOA-MDT05-ETRS89-HU30-0357-LID.TIF,COG,77.99,2010
PNOA-MDT05-ETRS89-HU30-0358-LID.TIF,COG,77.49,"2008, 2009, 2010, "
PNOA-MDT05-ETRS89-HU30-0359-LID.TIF,COG,77.96,"2008, 2009, 2010, "
PNOA-MDT05-ETRS89-HU30-0360-LID.TIF,COG,75.58,"2008, 2009, 2010, "
PNOA-MDT05-ETRS89-HU30-0361-LID.TIF,COG,85.94,"2008, 2009, 2010, "
PNOA-MDT05-ETRS89-HU30-0362-LID.TIF,COG,91.05,"2008, 2009, 2010, "
PNOA-MDT05-ETRS89-HU30-0363-LID.TIF,COG,92.61,"2008, 2009, 2010, "
PNOA-MDT05-ETRS89-HU30-0364-LID.TIF,COG,94.88,"2008, 2009, 2010, "
PNOA-MDT05-ETRS89-HU30-0365-LID.TIF,COG,91.45,"2008, 2009, 2010, "
PNOA-MDT05-ETRS89-HU30-0366-LID.TIF,COG,43.87,"2008, 2009, 2010, "
PNOA-MDT05-ETRS89-HU30-0367-LID.TIF,COG,21.00,2014
PNOA-MDT05-ETRS89-HU30-0368-LID.TIF,COG,77.34,"2010, 2014"
PNOA-MDT05-ETRS89-HU30-0369-LID.TIF,COG,72.94,"2010, 2014"
PNOA-MDT05-ETRS89-HU30-0370-LID.TIF,COG,73.18,2014
PNOA-MDT05-ETRS89-HU30-0371-LID.TIF,COG,70.69,"2010, 2014"
PNOA-MDT05-ETRS89-HU30-0372-LID.TIF,COG,68.69,"2010, 2014"
PNOA-MDT05-ETRS89-HU30-0373-LID.TIF,COG,68.85,2010
PNOA-MDT05-ETRS89-HU30-0374-LID.TIF,COG,70.96,2010
PNOA-MDT05-ETRS89-HU30-0375-LID.TIF,COG,73.04,2010
PNOA-MDT05-ETRS89-HU30-0376-LID.TIF,COG,73.95,2010
PNOA-MDT05-ETRS89-HU30-0377-LID.TIF,COG,74.49,2010
PNOA-MDT05-ETRS89-HU30-0378-LID.TIF,COG,72.24,2010
PNOA-MDT05-ETRS89-HU30-0379-LID.TIF,COG,72.48,2010
PNOA-MDT05-ETRS89-HU30-0380-LID.TIF,COG,77.55,2010
PNOA-MDT05-ETRS89-HU30-0381-LID.TIF,COG,83.92,2010
PNOA-MDT05-ETRS89-HU30-0382-LID.TIF,COG,79.76,2010
PNOA-MDT05-ETRS89-HU30-0383-LID.TIF,COG,80.38,2010
PNOA-MDT05-ETRS89-HU30-0384-LID.TIF,COG,75.79,2010
PNOA-MDT05-ETRS89-HU30-0385-LID.TIF,COG,80.48,2010
PNOA-MDT05-ETRS89-HU30-0386-LID.TIF,COG,80.89,2010
PNOA-MDT05-ETRS89-HU30-0387-LID.TIF,COG,80.64,"2008, 2009, 2010, "
PNOA-MDT05-ETRS89-HU30-0388-LID.TIF,COG,77.10,"2008, 2009, 2010, "
PNOA-MDT05-ETRS89-HU30-0389-LID.TIF,COG,79.31,"2008, 2009, 2010, "
PNOA-MDT05-ETRS89-HU30-0390-LID.TIF,COG,88.27,"2008, 2009, 2010, "
PNOA-MDT05-ETRS89-HU30-0391-LID.TIF,COG,92.09,"2008, 2009, 2010, "
PNOA-MDT05-ETRS89-HU30-0392-LID.TIF,COG,92.54,"2008, 2009, 2010, "
PNOA-MDT05-ETRS89-HU30-0393-LID.TIF,COG,85.78,"2008, 2009, 2010, "
PNOA-MDT05-ETRS89-HU30-0394-LID.TIF,COG,35.10,"2008, 2009, 2010, "
PNOA-MDT05-ETRS89-HU30-0395-LID.TIF,COG,42.36,2014
PNOA-MDT05-ETRS89-HU30-0396-LID.TIF,COG,77.71,2014
PNOA-MDT05-ETRS89-HU30-0397-LID.TIF,COG,76.61,2014
PNOA-MDT05-ETRS89-HU30-0398-LID.TIF,COG,75.35,2014
PNOA-MDT05-ETRS89-HU30-0399-LID.TIF,COG,70.77,"2010, 2014"
PNOA-MDT05-ETRS89-HU30-0400-LID.TIF,COG,68.06,"2010, 2014"
PNOA-MDT05-ETRS89-HU30-0401-LID.TIF,COG,65.24,2010
PNOA-MDT05-ETRS89-HU30-0402-LID.TIF,COG,71.59,2010
PNOA-MDT05-ETRS89-HU30-0403-LID.TIF,COG,75.16,2010
PNOA-MDT05-ETRS89-HU30-0404-LID.TIF,COG,73.61,"2009, 2010"
PNOA-MDT05-ETRS89-HU30-0405-LID.TIF,COG,74.86,"2009, 2010"
PNOA-MDT05-ETRS89-HU30-0406-LID.TIF,COG,72.43,"2009, 2010"
PNOA-MDT05-ETRS89-HU30-0407-LID.TIF,COG,75.10,2010
PNOA-MDT05-ETRS89-HU30-0408-LID.TIF,COG,79.15,2010
PNOA-MDT05-ETRS89-HU30-0409-LID.TIF,COG,83.11,2010
PNOA-MDT05-ETRS89-HU30-0410-LID.TIF,COG,80.80,2010
PNOA-MDT05-ETRS89-HU30-0411-LID.TIF,COG,82.25,2010
PNOA-MDT05-ETRS89-HU30-0412-LID.TIF,COG,79.64,2010
PNOA-MDT05-ETRS89-HU30-0413-LID.TIF,COG,77.79,2010
PNOA-MDT05-ETRS89-HU30-0414-LID.TIF,COG,77.39,2010
PNOA-MDT05-ETRS89-HU30-0415-LID.TIF,COG,83.73,"2008, 2009, 2010, "
PNOA-MDT05-ETRS89-HU30-0416-LID.TIF,COG,85.89,"2008, 2009, 2010, "
PNOA-MDT05-ETRS89-HU30-0417-LID.TIF,COG,88.90,"2008, 2009, 2010, "
PNOA-MDT05-ETRS89-HU30-0418-LID.TIF,COG,89.82,"2008, 2009, 2010, "
PNOA-MDT05-ETRS89-HU30-0419-LID.TIF,COG,89.95,"2008, 2009, 2010, "
PNOA-MDT05-ETRS89-HU30-0420-LID.TIF,COG,90.41,"2008, 2009, 2010, "
PNOA-MDT05-ETRS89-HU30-0421B-LID.TIF,COG,1.22,"2008, 2009, 2010, "
PNOA-MDT05-ETRS89-HU30-0421-LID.TIF,COG,28.15,"2008, 2009, 2010, "
PNOA-MDT05-ETRS89-HU30-0422-LID.TIF,COG,27.41,2014
PNOA-MDT05-ETRS89-HU30-0423-LID.TIF,COG,69.04,2014
PNOA-MDT05-ETRS89-HU30-0424-LID.TIF,COG,75.04,2014
PNOA-MDT05-ETRS89-HU30-0425-LID.TIF,COG,77.91,2014
PNOA-MDT05-ETRS89-HU30-0426-LID.TIF,COG,75.30,2014
PNOA-MDT05-ETRS89-HU30-0427-LID.TIF,COG,65.69,"2010, 2014"
PNOA-MDT05-ETRS89-HU30-0428-LID.TIF,COG,66.83,"2010, 2014"
PNOA-MDT05-ETRS89-HU30-0429-LID.TIF,COG,64.60,2010
PNOA-MDT05-ETRS89-HU30-0430-LID.TIF,COG,67.96,2010
PNOA-MDT05-ETRS89-HU30-0431-LID.TIF,COG,75.43,"2009, 2010"
PNOA-MDT05-ETRS89-HU30-0432-LID.TIF,COG,76.89,"2009, 2010"
PNOA-MDT05-ETRS89-HU30-0433-LID.TIF,COG,74.18,"2009, 2010"
PNOA-MDT05-ETRS89-HU30-0434-LID.TIF,COG,69.72,"2009, 2010"
PNOA-MDT05-ETRS89-HU30-0435-LID.TIF,COG,76.64,"2009, 2010"
PNOA-MDT05-ETRS89-HU30-0436-LID.TIF,COG,78.77,"2009, 2010"
PNOA-MDT05-ETRS89-HU30-0437-LID.TIF,COG,82.39,"2009, 2010"
PNOA-MDT05-ETRS89-HU30-0438-LID.TIF,COG,82.08,2010
PNOA-MDT05-ETRS89-HU30-0439-LID.TIF,COG,81.90,2010
PNOA-MDT05-ETRS89-HU30-0440-LID.TIF,COG,79.29,2010
PNOA-MDT05-ETRS89-HU30-0441-LID.TIF,COG,79.74,2010
PNOA-MDT05-ETRS89-HU30-0442-LID.TIF,COG,77.08,2010
PNOA-MDT05-ETRS89-HU30-0443-LID.TIF,COG,87.51,"2008, 2009, 2010, "
PNOA-MDT05-ETRS89-HU30-0444-LID.TIF,COG,90.35,"2008, 2009, 2010, "
PNOA-MDT05-ETRS89-HU30-0445-LID.TIF,COG,91.89,"2008, 2009, 2010, "
PNOA-MDT05-ETRS89-HU30-0446-LID.TIF,COG,86.65,"2008, 2009, 2010, "
PNOA-MDT05-ETRS89-HU30-0447-LID.TIF,COG,70.92,"2008, 2009, 2010, "
PNOA-MDT05-ETRS89-HU30-0448B-LID.TIF,COG,6.93,2014
PNOA-MDT05-ETRS89-HU30-0448-LID.TIF,COG,37.31,"2008, 2009, 2010, "
PNOA-MDT05-ETRS89-HU30-0449-LID.TIF,COG,71.73,2014
PNOA-MDT05-ETRS89-HU30-0450-LID.TIF,COG,77.06,2014
PNOA-MDT05-ETRS89-HU30-0451-LID.TIF,COG,77.02,2014
PNOA-MDT05-ETRS89-HU30-0452-LID.TIF,COG,72.11,2014
PNOA-MDT05-ETRS89-HU30-0453-LID.TIF,COG,71.11,2014
PNOA-MDT05-ETRS89-HU30-0454-LID.TIF,COG,65.03,"2010, 2014"
PNOA-MDT05-ETRS89-HU30-0455-LID.TIF,COG,70.28,"2010, 2014"
PNOA-MDT05-ETRS89-HU30-0456-LID.TIF,COG,72.00,2010
PNOA-MDT05-ETRS89-HU30-0457-LID.TIF,COG,75.91,2010
PNOA-MDT05-ETRS89-HU30-0458-LID.TIF,COG,81.20,"2009, 2010"
PNOA-MDT05-ETRS89-HU30-0459-LID.TIF,COG,82.12,"2009, 2010"
PNOA-MDT05-ETRS89-HU30-0460-LID.TIF,COG,79.77,2009
PNOA-MDT05-ETRS89-HU30-0461-LID.TIF,COG,76.33,"2009, 2010"
PNOA-MDT05-ETRS89-HU30-0462-LID.TIF,COG,71.10,"2009, 2010"
PNOA-MDT05-ETRS89-HU30-0463-LID.TIF,COG,74.68,"2009, 2010"
PNOA-MDT05-ETRS89-HU30-0464-LID.TIF,COG,76.76,"2009, 2010"
PNOA-MDT05-ETRS89-HU30-0465-LID.TIF,COG,80.48,2010
PNOA-MDT05-ETRS89-HU30-0466-LID.TIF,COG,83.36,2010
PNOA-MDT05-ETRS89-HU30-0467-LID.TIF,COG,83.89,2010
PNOA-MDT05-ETRS89-HU30-0468-LID.TIF,COG,81.59,2010
PNOA-MDT05-ETRS89-HU30-0469-LID.TIF,COG,85.04,"2008, 2009, 2010, "
PNOA-MDT05-ETRS89-HU30-0470-LID.TIF,COG,87.11,"2008, 2009, 2010, "
PNOA-MDT05-ETRS89-HU30-0471-LID.TIF,COG,89.88,"2008, 2009, 2010, "
PNOA-MDT05-ETRS89-HU30-0472-LID.TIF,COG,69.78,"2008, 2009, 2010, "
PNOA-MDT05-ETRS89-HU30-0473B-LID.TIF,COG,0.61,"2008, 2009, 2010, "
PNOA-MDT05-ETRS89-HU30-0473-LID.TIF,COG,25.42,"2008, 2009, 2010, "
PNOA-MDT05-ETRS89-HU30-0474-LID.TIF,COG,8.07,2014
PNOA-MDT05-ETRS89-HU30-0475-LID.TIF,COG,81.66,2014
PNOA-MDT05-ETRS89-HU30-0476-LID.TIF,COG,79.68,2014
PNOA-MDT05-ETRS89-HU30-0477-LID.TIF,COG,75.69,2014
PNOA-MDT05-ETRS89-HU30-0478-LID.TIF,COG,75.20,2014
PNOA-MDT05-ETRS89-HU30-0479-LID.TIF,COG,70.31,2014
PNOA-MDT05-ETRS89-HU30-0480-LID.TIF,COG,71.36,"2010, 2014"
PNOA-MDT05-ETRS89-HU30-0481-LID.TIF,COG,69.90,"2010, 2014"
PNOA-MDT05-ETRS89-HU30-0482-LID.TIF,COG,74.19,2010
PNOA-MDT05-ETRS89-HU30-0483-LID.TIF,COG,81.50,2010
PNOA-MDT05-ETRS89-HU30-0484-LID.TIF,COG,79.85,"2009, 2010"
PNOA-MDT05-ETRS89-HU30-0485-LID.TIF,COG,78.27,"2009, 2010"
PNOA-MDT05-ETRS89-HU30-0486-LID.TIF,COG,77.85,2009
PNOA-MDT05-ETRS89-HU30-0487-LID.TIF,COG,73.56,2009
PNOA-MDT05-ETRS89-HU30-0488-LID.TIF,COG,78.49,2009
PNOA-MDT05-ETRS89-HU30-0489-LID.TIF,COG,78.73,2009
PNOA-MDT05-ETRS89-HU30-0490-LID.TIF,COG,72.09,"2009, 2010"
PNOA-MDT05-ETRS89-HU30-0491-LID.TIF,COG,77.60,"2009, 2010"
PNOA-MDT05-ETRS89-HU30-0492-LID.TIF,COG,82.45,2010
PNOA-MDT05-ETRS89-HU30-0493-LID.TIF,COG,85.27,2010
PNOA-MDT05-ETRS89-HU30-0494-LID.TIF,COG,84.29,2010
PNOA-MDT05-ETRS89-HU30-0495-LID.TIF,COG,87.29,2010
PNOA-MDT05-ETRS89-HU30-0496-LID.TIF,COG,90.25,"2008, 2009, 2010, "
PNOA-MDT05-ETRS89-HU30-0497-LID.TIF,COG,86.93,"2008, 2009, 2010, "
PNOA-MDT05-ETRS89-HU30-0498-LID.TIF,COG,12.35,"2008, 2009, 2010, "
PNOA-MDT05-ETRS89-HU30-0500-LID.TIF,COG,77.48,2014
PNOA-MDT05-ETRS89-HU30-0501-LID.TIF,COG,74.26,2014
PNOA-MDT05-ETRS89-HU30-0502-LID.TIF,COG,77.85,2014
PNOA-MDT05-ETRS89-HU30-0503-LID.TIF,COG,79.19,2014
PNOA-MDT05-ETRS89-HU30-0504-LID.TIF,COG,77.45,2014
PNOA-MDT05-ETRS89-HU30-0505-LID.TIF,COG,79.15,"2010, 2014"
PNOA-MDT05-ETRS89-HU30-0506-LID.TIF,COG,77.51,"2010, 2014"
PNOA-MDT05-ETRS89-HU30-0507-LID.TIF,COG,78.87,2010
PNOA-MDT05-ETRS89-HU30-0508-LID.TIF,COG,83.48,2010
PNOA-MDT05-ETRS89-HU30-0509-LID.TIF,COG,78.67,"2009, 2010"
PNOA-MDT05-ETRS89-HU30-0510-LID.TIF,COG,73.38,"2009, 2010"
PNOA-MDT05-ETRS89-HU30-0511-LID.TIF,COG,74.59,2009
PNOA-MDT05-ETRS89-HU30-0512-LID.TIF,COG,78.48,2009
PNOA-MDT05-ETRS89-HU30-0513-LID.TIF,COG,79.51,2009
PNOA-MDT05-ETRS89-HU30-0514-LID.TIF,COG,77.36,2009
PNOA-MDT05-ETRS89-HU30-0515-LID.TIF,COG,77.48,"2009, 2010"
PNOA-MDT05-ETRS89-HU30-0516-LID.TIF,COG,78.78,"2009, 2010"
PNOA-MDT05-ETRS89-HU30-0517-LID.TIF,COG,79.40,2010
PNOA-MDT05-ETRS89-HU30-0518-LID.TIF,COG,84.92,2010
PNOA-MDT05-ETRS89-HU30-0519-LID.TIF,COG,87.55,"2009, 2010"
PNOA-MDT05-ETRS89-HU30-0520-LID.TIF,COG,89.24,"2008, 2009, 2010, "
PNOA-MDT05-ETRS89-HU30-0521-LID.TIF,COG,90.83,"2008, 2009, 2010, "
PNOA-MDT05-ETRS89-HU30-0522-LID.TIF,COG,65.00,"2008, 2009, 2010, "
PNOA-MDT05-ETRS89-HU30-0523-LID.TIF,COG,4.11,"2008, 2009, 2010, "
PNOA-MDT05-ETRS89-HU30-0525-LID.TIF,COG,76.18,2014
PNOA-MDT05-ETRS89-HU30-0526-LID.TIF,COG,81.97,"2010, 2014"
PNOA-MDT05-ETRS89-HU30-0527-LID.TIF,COG,85.03,"2010, 2014"
PNOA-MDT05-ETRS89-HU30-0528-LID.TIF,COG,77.48,2014
PNOA-MDT05-ETRS89-HU30-0529-LID.TIF,COG,80.43,2014
PNOA-MDT05-ETRS89-HU30-0530-LID.TIF,COG,80.73,"2010, 2014"
PNOA-MDT05-ETRS89-HU30-0531-LID.TIF,COG,79.11,"2010, 2014"
PNOA-MDT05-ETRS89-HU30-0532-LID.TIF,COG,82.16,2010
PNOA-MDT05-ETRS89-HU30-0533-LID.TIF,COG,79.79,2010
PNOA-MDT05-ETRS89-HU30-0534-LID.TIF,COG,77.38,2010
PNOA-MDT05-ETRS89-HU30-0535-LID.TIF,COG,71.85,"2009, 2010"
PNOA-MDT05-ETRS89-HU30-0536-LID.TIF,COG,78.07,"2009, 2010"
PNOA-MDT05-ETRS89-HU30-0537-LID.TIF,COG,78.28,2009
PNOA-MDT05-ETRS89-HU30-0538-LID.TIF,COG,80.42,2009
PNOA-MDT05-ETRS89-HU30-0539-LID.TIF,COG,80.78,2009
PNOA-MDT05-ETRS89-HU30-0540-LID.TIF,COG,79.21,"2009, 2010"
PNOA-MDT05-ETRS89-HU30-0541-LID.TIF,COG,79.24,"2009, 2010"
PNOA-MDT05-ETRS89-HU30-0542-LID.TIF,COG,79.97,2010
PNOA-MDT05-ETRS89-HU30-0543-LID.TIF,COG,84.46,2010
PNOA-MDT05-ETRS89-HU30-0544-LID.TIF,COG,88.19,"2009, 2010"
PNOA-MDT05-ETRS89-HU30-0545-LID.TIF,COG,89.00,"2009, 2010"
PNOA-MDT05-ETRS89-HU30-0546-LID.TIF,COG,86.66,"2008, 2009, 2010, "
PNOA-MDT05-ETRS89-HU30-0547-LID.TIF,COG,34.19,"2008, 2009, 2010, "
PNOA-MDT05-ETRS89-HU30-0550-LID.TIF,COG,81.26,"2010, 2014"
PNOA-MDT05-ETRS89-HU30-0551-LID.TIF,COG,90.68,"2010, 2014"
PNOA-MDT05-ETRS89-HU30-0552-LID.TIF,COG,90.16,"2010, 2014"
PNOA-MDT05-ETRS89-HU30-0553-LID.TIF,COG,85.01,"2010, 2014"
PNOA-MDT05-ETRS89-HU30-0554-LID.TIF,COG,82.90,2014
PNOA-MDT05-ETRS89-HU30-0555-LID.TIF,COG,84.14,"2010, 2014"
PNOA-MDT05-ETRS89-HU30-0556-LID.TIF,COG,84.95,"2010, 2014"
PNOA-MDT05-ETRS89-HU30-0557-LID.TIF,COG,83.80,"2009, 2010"
PNOA-MDT05-ETRS89-HU30-0558-LID.TIF,COG,79.01,"2009, 2010"
PNOA-MDT05-ETRS89-HU30-0559-LID.TIF,COG,74.93,2010
PNOA-MDT05-ETRS89-HU30-0560-LID.TIF,COG,73.52,"2009, 2010"
PNOA-MDT05-ETRS89-HU30-0561-LID.TIF,COG,76.71,"2009, 2010"
PNOA-MDT05-ETRS89-HU30-0562-LID.TIF,COG,77.56,2009
PNOA-MDT05-ETRS89-HU30-0563-LID.TIF,COG,80.80,2009
PNOA-MDT05-ETRS89-HU30-0564-LID.TIF,COG,82.53,2009
PNOA-MDT05-ETRS89-HU30-0565-LID.TIF,COG,80.94,"2009, 2010"
PNOA-MDT05-ETRS89-HU30-0566-LID.TIF,COG,80.62,2010
PNOA-MDT05-ETRS89-HU30-0567-LID.TIF,COG,82.65,2010
PNOA-MDT05-ETRS89-HU30-0568-LID.TIF,COG,84.39,2010
PNOA-MDT05-ETRS89-HU30-0569-LID.TIF,COG,86.55,"2009, 2010"
PNOA-MDT05-ETRS89-HU30-0570-LID.TIF,COG,89.39,2009
PNOA-MDT05-ETRS89-HU30-0571B-LID.TIF,COG,1.20,2009
PNOA-MDT05-ETRS89-HU30-0571-LID.TIF,COG,75.11,2009
PNOA-MDT05-ETRS89-HU30-0572-LID.TIF,COG,47.51,"2010, 2014"
PNOA-MDT05-ETRS89-HU30-0573-LID.TIF,COG,90.25,"2010, 2014"
PNOA-MDT05-ETRS89-HU30-0574-LID.TIF,COG,90.17,2010
PNOA-MDT05-ETRS89-HU30-0575-LID.TIF,COG,82.63,"2010, 2014"
PNOA-MDT05-ETRS89-HU30-0576-LID.TIF,COG,90.79,"2010, 2014"
PNOA-MDT05-ETRS89-HU30-0577-LID.TIF,COG,90.06,"2010, 2014"
PNOA-MDT05-ETRS89-HU30-0578-LID.TIF,COG,87.42,"2009, 2010, 2014"
PNOA-MDT05-ETRS89-HU30-0579-LID.TIF,COG,79.20,"2009, 2010, 2014"
PNOA-MDT05-ETRS89-HU30-0580-LID.TIF,COG,76.35,"2009, 2010"
PNOA-MDT05-ETRS89-HU30-0581-LID.TIF,COG,71.32,"2009, 2010"
PNOA-MDT05-ETRS89-HU30-0582-LID.TIF,COG,73.65,"2009, 2010"
PNOA-MDT05-ETRS89-HU30-0583-LID.TIF,COG,77.62,"2009, 2010"
PNOA-MDT05-ETRS89-HU30-0584-LID.TIF,COG,71.17,"2009, 2010"
PNOA-MDT05-ETRS89-HU30-0585-LID.TIF,COG,71.75,2009
PNOA-MDT05-ETRS89-HU30-0586-LID.TIF,COG,80.46,2009
PNOA-MDT05-ETRS89-HU30-0587-LID.TIF,COG,81.60,2009
PNOA-MDT05-ETRS89-HU30-0588-LID.TIF,COG,83.18,"2009, 2010"
PNOA-MDT05-ETRS89-HU30-0589-LID.TIF,COG,83.90,"2009, 2010"
PNOA-MDT05-ETRS89-HU30-0590-LID.TIF,COG,84.34,2010
PNOA-MDT05-ETRS89-HU30-0591-LID.TIF,COG,85.63,"2009, 2010"
PNOA-MDT05-ETRS89-HU30-0592-LID.TIF,COG,89.12,"2009, 2010"
PNOA-MDT05-ETRS89-HU30-0593-LID.TIF,COG,89.36,2009
PNOA-MDT05-ETRS89-HU30-0594-LID.TIF,COG,38.73,2009
PNOA-MDT05-ETRS89-HU30-0595-LID.TIF,COG,39.43,2010
PNOA-MDT05-ETRS89-HU30-0596-LID.TIF,COG,82.71,2010
PNOA-MDT05-ETRS89-HU30-0597-LID.TIF,COG,83.48,2010
PNOA-MDT05-ETRS89-HU30-0598-LID.TIF,COG,87.11,2010
PNOA-MDT05-ETRS89-HU30-0599-LID.TIF,COG,86.98,2010
PNOA-MDT05-ETRS89-HU30-0600-LID.TIF,COG,78.19,"2009, 2010, 2014"
PNOA-MDT05-ETRS89-HU30-0601-LID.TIF,COG,80.86,"2009, 2014"
PNOA-MDT05-ETRS89-HU30-0602-LID.TIF,COG,81.20,2009
PNOA-MDT05-ETRS89-HU30-0603-LID.TIF,COG,56.62,2009
PNOA-MDT05-ETRS89-HU30-0604-LID.TIF,COG,56.81,"2009, 2010"
PNOA-MDT05-ETRS89-HU30-0605-LID.TIF,COG,69.12,"2009, 2010"
PNOA-MDT05-ETRS89-HU30-0606-LID.TIF,COG,70.21,"2009, 2010"
PNOA-MDT05-ETRS89-HU30-0607-LID.TIF,COG,66.43,"2009, 2010"
PNOA-MDT05-ETRS89-HU30-0608-LID.TIF,COG,61.36,2009
PNOA-MDT05-ETRS89-HU30-0609-LID.TIF,COG,80.29,2009
PNOA-MDT05-ETRS89-HU30-0610-LID.TIF,COG,80.06,2009
PNOA-MDT05-ETRS89-HU30-0611-LID.TIF,COG,83.80,"2009, 2010"
PNOA-MDT05-ETRS89-HU30-0612-LID.TIF,COG,83.90,"2009, 2010"
PNOA-MDT05-ETRS89-HU30-0613-LID.TIF,COG,86.80,"2009, 2010"
PNOA-MDT05-ETRS89-HU30-0614-LID.TIF,COG,86.11,"2009, 2010"
PNOA-MDT05-ETRS89-HU30-0615-LID.TIF,COG,90.47,"2009, 2010"
PNOA-MDT05-ETRS89-HU30-0616-LID.TIF,COG,77.29,2009
PNOA-MDT05-ETRS89-HU30-0617B-LID.TIF,COG,1.06,2014
PNOA-MDT05-ETRS89-HU30-0617-LID.TIF,COG,3.05,2009
PNOA-MDT05-ETRS89-HU30-0618-LID.TIF,COG,33.02,2014
PNOA-MDT05-ETRS89-HU30-0619-LID.TIF,COG,5.45,2014
PNOA-MDT05-ETRS89-HU30-0620-LID.TIF,COG,33.15,2010
PNOA-MDT05-ETRS89-HU30-0621-LID.TIF,COG,84.75,2010
PNOA-MDT05-ETRS89-HU30-0622-LID.TIF,COG,82.95,2010
PNOA-MDT05-ETRS89-HU30-0623-LID.TIF,COG,84.46,2010
PNOA-MDT05-ETRS89-HU30-0624-LID.TIF,COG,75.48,2010
PNOA-MDT05-ETRS89-HU30-0625-LID.TIF,COG,71.98,"2009, 2010"
PNOA-MDT05-ETRS89-HU30-0626-LID.TIF,COG,74.65,2009
PNOA-MDT05-ETRS89-HU30-0627-LID.TIF,COG,76.20,2009
PNOA-MDT05-ETRS89-HU30-0628-LID.TIF,COG,56.66,2009
PNOA-MDT05-ETRS89-HU30-0629-LID.TIF,COG,63.90,"2009, 2010"
PNOA-MDT05-ETRS89-HU30-0630-LID.TIF,COG,64.14,"2009, 2010"
PNOA-MDT05-ETRS89-HU30-0631-LID.TIF,COG,50.58,"2009, 2010"
PNOA-MDT05-ETRS89-HU30-0632-LID.TIF,COG,52.31,2009
PNOA-MDT05-ETRS89-HU30-0633-LID.TIF,COG,57.53,2009
PNOA-MDT05-ETRS89-HU30-0634-LID.TIF,COG,80.96,2009
PNOA-MDT05-ETRS89-HU30-0635-LID.TIF,COG,78.61,2009
PNOA-MDT05-ETRS89-HU30-0636-LID.TIF,COG,82.45,2009
PNOA-MDT05-ETRS89-HU30-0637-LID.TIF,COG,81.45,"2009, 2010"
PNOA-MDT05-ETRS89-HU30-0638-LID.TIF,COG,85.03,"2009, 2010"
PNOA-MDT05-ETRS89-HU30-0639-LID.TIF,COG,87.42,"2009, 2010"
PNOA-MDT05-ETRS89-HU30-0640-LID.TIF,COG,91.10,2009
PNOA-MDT05-ETRS89-HU30-0641-LID.TIF,COG,37.88,2009
PNOA-MDT05-ETRS89-HU30-0642-LID.TIF,COG,0.22,2009
PNOA-MDT05-ETRS89-HU30-0643-LID.TIF,COG,3.60,2014
PNOA-MDT05-ETRS89-HU30-0644-LID.TIF,COG,38.59,2014
PNOA-MDT05-ETRS89-HU30-0645B-LID.TIF,COG,0.43,2014
PNOA-MDT05-ETRS89-HU30-0645-LID.TIF,COG,6.01,2014
PNOA-MDT05-ETRS89-HU30-0646-LID.TIF,COG,46.25,2014
PNOA-MDT05-ETRS89-HU30-0647-LID.TIF,COG,35.45,2014
PNOA-MDT05-ETRS89-HU30-0648-LID.TIF,COG,55.10,2010
PNOA-MDT05-ETRS89-HU30-0649-LID.TIF,COG,82.80,2010
PNOA-MDT05-ETRS89-HU30-0650-LID.TIF,COG,83.13,2010
PNOA-MDT05-ETRS89-HU30-0651-LID.TIF,COG,83.64,2010
PNOA-MDT05-ETRS89-HU30-0652-LID.TIF,COG,86.36,2010
PNOA-MDT05-ETRS89-HU30-0653-LID.TIF,COG,81.78,"2009, 2010"
PNOA-MDT05-ETRS89-HU30-0654-LID.TIF,COG,83.28,"2009, 2010"
PNOA-MDT05-ETRS89-HU30-0655-LID.TIF,COG,81.93,2009
PNOA-MDT05-ETRS89-HU30-0656-LID.TIF,COG,61.75,2009
PNOA-MDT05-ETRS89-HU30-0657-LID.TIF,COG,57.59,2009
PNOA-MDT05-ETRS89-HU30-0658-LID.TIF,COG,55.24,2009
PNOA-MDT05-ETRS89-HU30-0659-LID.TIF,COG,49.97,2009
PNOA-MDT05-ETRS89-HU30-0660-LID.TIF,COG,49.91,2009
PNOA-MDT05-ETRS89-HU30-0661-LID.TIF,COG,59.02,2009
PNOA-MDT05-ETRS89-HU30-0662-LID.TIF,COG,77.42,2009
PNOA-MDT05-ETRS89-HU30-0663-LID.TIF,COG,78.54,2009
PNOA-MDT05-ETRS89-HU30-0664-LID.TIF,COG,83.19,2009
PNOA-MDT05-ETRS89-HU30-0665-LID.TIF,COG,82.39,2009
PNOA-MDT05-ETRS89-HU30-0666-LID.TIF,COG,87.74,"2009, 2010"
PNOA-MDT05-ETRS89-HU30-0667-LID.TIF,COG,85.67,"2009, 2010"
PNOA-MDT05-ETRS89-HU30-0668-LID.TIF,COG,86.81,2009
PNOA-MDT05-ETRS89-HU30-0669B-LID.TIF,COG,0.40,2014
PNOA-MDT05-ETRS89-HU30-0669-LID.TIF,COG,6.99,2009
PNOA-MDT05-ETRS89-HU30-0670-LID.TIF,COG,57.10,2014
PNOA-MDT05-ETRS89-HU30-0671-LID.TIF,COG,87.06,2014
PNOA-MDT05-ETRS89-HU30-0672-LID.TIF,COG,46.35,2014
PNOA-MDT05-ETRS89-HU30-0673-LID.TIF,COG,5.03,2014
PNOA-MDT05-ETRS89-HU30-0674-LID.TIF,COG,22.56,2010
PNOA-MDT05-ETRS89-HU30-0675-LID.TIF,COG,87.19,2010
PNOA-MDT05-ETRS89-HU30-0676-LID.TIF,COG,86.49,2010
PNOA-MDT05-ETRS89-HU30-0677-LID.TIF,COG,83.86,2010
PNOA-MDT05-ETRS89-HU30-0678-LID.TIF,COG,84.35,2010
PNOA-MDT05-ETRS89-HU30-0679-LID.TIF,COG,84.74,2010
PNOA-MDT05-ETRS89-HU30-0680-LID.TIF,COG,84.63,2010
PNOA-MDT05-ETRS89-HU30-0681-LID.TIF,COG,91.15,"2009, 2010"
PNOA-MDT05-ETRS89-HU30-0682-LID.TIF,COG,86.47,"2009, 2010"
PNOA-MDT05-ETRS89-HU30-0683-LID.TIF,COG,87.42,2009
PNOA-MDT05-ETRS89-HU30-0684-LID.TIF,COG,82.00,2009
PNOA-MDT05-ETRS89-HU30-0685-LID.TIF,COG,76.11,2009
PNOA-MDT05-ETRS89-HU30-0686-LID.TIF,COG,68.63,2009
PNOA-MDT05-ETRS89-HU30-0687-LID.TIF,COG,65.98,2009
PNOA-MDT05-ETRS89-HU30-0688-LID.TIF,COG,68.18,2009
PNOA-MDT05-ETRS89-HU30-0689-LID.TIF,COG,76.24,2009
PNOA-MDT05-ETRS89-HU30-0690-LID.TIF,COG,75.03,2009
PNOA-MDT05-ETRS89-HU30-0691-LID.TIF,COG,75.27,2009
PNOA-MDT05-ETRS89-HU30-0692-LID.TIF,COG,79.50,2009
PNOA-MDT05-ETRS89-HU30-0693-LID.TIF,COG,77.27,2009
PNOA-MDT05-ETRS89-HU30-0694-LID.TIF,COG,87.63,2009
PNOA-MDT05-ETRS89-HU30-0695-LID.TIF,COG,83.91,2009
PNOA-MDT05-ETRS89-HU30-0696-LID.TIF,COG,60.71,2009
PNOA-MDT05-ETRS89-HU30-0697-LID.TIF,COG,22.97,2014
PNOA-MDT05-ETRS89-HU30-0698-LID.TIF,COG,74.91,2014
PNOA-MDT05-ETRS89-HU30-0699-LID.TIF,COG,87.94,2014
PNOA-MDT05-ETRS89-HU30-0700-LID.TIF,COG,63.12,2014
PNOA-MDT05-ETRS89-HU30-0701-LID.TIF,COG,66.89,2010
PNOA-MDT05-ETRS89-HU30-0702-LID.TIF,COG,87.41,2010
PNOA-MDT05-ETRS89-HU30-0703-LID.TIF,COG,85.92,2010
PNOA-MDT05-ETRS89-HU30-0704-LID.TIF,COG,81.76,2010
PNOA-MDT05-ETRS89-HU30-0705-LID.TIF,COG,83.77,2010
PNOA-MDT05-ETRS89-HU30-0706-LID.TIF,COG,87.93,2010
PNOA-MDT05-ETRS89-HU30-0707-LID.TIF,COG,89.25,"2009, 2010"
PNOA-MDT05-ETRS89-HU30-0708-LID.TIF,COG,83.77,"2009, 2010"
PNOA-MDT05-ETRS89-HU30-0709-LID.TIF,COG,84.67,"2009, 2010"
PNOA-MDT05-ETRS89-HU30-0710-LID.TIF,COG,78.34,2009
PNOA-MDT05-ETRS89-HU30-0711-LID.TIF,COG,82.79,2009
PNOA-MDT05-ETRS89-HU30-0712-LID.TIF,COG,74.93,2009
PNOA-MDT05-ETRS89-HU30-0713-LID.TIF,COG,66.71,2009
PNOA-MDT05-ETRS89-HU30-0714-LID.TIF,COG,65.73,2009
PNOA-MDT05-ETRS89-HU30-0715-LID.TIF,COG,65.16,2009
PNOA-MDT05-ETRS89-HU30-0716-LID.TIF,COG,70.07,2009
PNOA-MDT05-ETRS89-HU30-0717-LID.TIF,COG,72.58,2009
PNOA-MDT05-ETRS89-HU30-0718-LID.TIF,COG,75.31,2009
PNOA-MDT05-ETRS89-HU30-0719-LID.TIF,COG,82.17,2009
PNOA-MDT05-ETRS89-HU30-0720-LID.TIF,COG,85.40,2009
PNOA-MDT05-ETRS89-HU30-0721-LID.TIF,COG,85.14,2009
PNOA-MDT05-ETRS89-HU30-0722B-LID.TIF,COG,0.97,2014
PNOA-MDT05-ETRS89-HU30-0722-LID.TIF,COG,42.77,2009
PNOA-MDT05-ETRS89-HU30-0723-LID.TIF,COG,17.78,2014
PNOA-MDT05-ETRS89-HU30-0724-LID.TIF,COG,74.53,2014
PNOA-MDT05-ETRS89-HU30-0725-LID.TIF,COG,32.29,2014
PNOA-MDT05-ETRS89-HU30-0726-LID.TIF,COG,46.73,2010
PNOA-MDT05-ETRS89-HU30-0727-LID.TIF,COG,85.66,2010
PNOA-MDT05-ETRS89-HU30-0728-LID.TIF,COG,85.95,2010
PNOA-MDT05-ETRS89-HU30-0729-LID.TIF,COG,84.33,2010
PNOA-MDT05-ETRS89-HU30-0730-LID.TIF,COG,84.95,2010
PNOA-MDT05-ETRS89-HU30-0731-LID.TIF,COG,80.65,2010
PNOA-MDT05-ETRS89-HU30-0732-LID.TIF,COG,81.63,2010
PNOA-MDT05-ETRS89-HU30-0733-LID.TIF,COG,82.41,"2009, 2010"
PNOA-MDT05-ETRS89-HU30-0734-LID.TIF,COG,84.77,"2009, 2010"
PNOA-MDT05-ETRS89-HU30-0735-LID.TIF,COG,75.45,2009
PNOA-MDT05-ETRS89-HU30-0736-LID.TIF,COG,81.75,2009
PNOA-MDT05-ETRS89-HU30-0737-LID.TIF,COG,77.44,2009
PNOA-MDT05-ETRS89-HU30-0738-LID.TIF,COG,61.92,2009
PNOA-MDT05-ETRS89-HU30-0739-LID.TIF,COG,57.12,2009
PNOA-MDT05-ETRS89-HU30-0740-LID.TIF,COG,64.06,2009
PNOA-MDT05-ETRS89-HU30-0741-LID.TIF,COG,62.78,2009
PNOA-MDT05-ETRS89-HU30-0742-LID.TIF,COG,68.93,2009
PNOA-MDT05-ETRS89-HU30-0743-LID.TIF,COG,72.93,2009
PNOA-MDT05-ETRS89-HU30-0744-LID.TIF,COG,77.47,2009
PNOA-MDT05-ETRS89-HU30-0745-LID.TIF,COG,88.06,2009
PNOA-MDT05-ETRS89-HU30-0746-LID.TIF,COG,88.67,2009
PNOA-MDT05-ETRS89-HU30-0747-LID.TIF,COG,51.17,2009
PNOA-MDT05-ETRS89-HU30-0748-LID.TIF,COG,10.07,2014
PNOA-MDT05-ETRS89-HU30-0749-LID.TIF,COG,1.53,2014
PNOA-MDT05-ETRS89-HU30-0750-LID.TIF,COG,62.08,2010
PNOA-MDT05-ETRS89-HU30-0751-LID.TIF,COG,81.85,2010
PNOA-MDT05-ETRS89-HU30-0752-LID.TIF,COG,83.59,2010
PNOA-MDT05-ETRS89-HU30-0753-LID.TIF,COG,77.39,2010
PNOA-MDT05-ETRS89-HU30-0754-LID.TIF,COG,73.57,2010
PNOA-MDT05-ETRS89-HU30-0755-LID.TIF,COG,77.84,2010
PNOA-MDT05-ETRS89-HU30-0756-LID.TIF,COG,85.58,"2009, 2010"
PNOA-MDT05-ETRS89-HU30-0757-LID.TIF,COG,86.01,"2009, 2010"
PNOA-MDT05-ETRS89-HU30-0758-LID.TIF,COG,84.33,2009
PNOA-MDT05-ETRS89-HU30-0759-LID.TIF,COG,76.69,2009
PNOA-MDT05-ETRS89-HU30-0760-LID.TIF,COG,65.55,2009
PNOA-MDT05-ETRS89-HU30-0761-LID.TIF,COG,60.46,2009
PNOA-MDT05-ETRS89-HU30-0762-LID.TIF,COG,67.52,2009
PNOA-MDT05-ETRS89-HU30-0763-LID.TIF,COG,73.71,2009
PNOA-MDT05-ETRS89-HU30-0764-LID.TIF,COG,73.60,2009
PNOA-MDT05-ETRS89-HU30-0765-LID.TIF,COG,60.73,2009
PNOA-MDT05-ETRS89-HU30-0766-LID.TIF,COG,73.70,2009
PNOA-MDT05-ETRS89-HU30-0767-LID.TIF,COG,82.16,2009
PNOA-MDT05-ETRS89-HU30-0768-LID.TIF,COG,88.33,2009
PNOA-MDT05-ETRS89-HU30-0769-LID.TIF,COG,87.14,2009
PNOA-MDT05-ETRS89-HU30-0770-LID.TIF,COG,74.65,2009
PNOA-MDT05-ETRS89-HU30-0771-LID.TIF,COG,1.26,2009
PNOA-MDT05-ETRS89-HU30-0772-LID.TIF,COG,23.76,2014
PNOA-MDT05-ETRS89-HU30-0773-LID.TIF,COG,20.42,2014
PNOA-MDT05-ETRS89-HU30-0774-LID.TIF,COG,2.36,2014
PNOA-MDT05-ETRS89-HU30-0775-LID.TIF,COG,59.32,2010
PNOA-MDT05-ETRS89-HU30-0776-LID.TIF,COG,73.33,2010
PNOA-MDT05-ETRS89-HU30-0777-LID.TIF,COG,81.36,2010
PNOA-MDT05-ETRS89-HU30-0778-LID.TIF,COG,76.94,2010
PNOA-MDT05-ETRS89-HU30-0779-LID.TIF,COG,82.28,2010
PNOA-MDT05-ETRS89-HU30-0780-LID.TIF,COG,77.55,2010
PNOA-MDT05-ETRS89-HU30-0781-LID.TIF,COG,84.45,"2009, 2010"
PNOA-MDT05-ETRS89-HU30-0782-LID.TIF,COG,83.87,"2009, 2010"
PNOA-MDT05-ETRS89-HU30-0783-LID.TIF,COG,81.27,2009
PNOA-MDT05-ETRS89-HU30-0784-LID.TIF,COG,76.27,2009
PNOA-MDT05-ETRS89-HU30-0785-LID.TIF,COG,68.88,2009
PNOA-MDT05-ETRS89-HU30-0786-LID.TIF,COG,68.31,2009
PNOA-MDT05-ETRS89-HU30-0787-LID.TIF,COG,74.19,2009
PNOA-MDT05-ETRS89-HU30-0788-LID.TIF,COG,73.56,2009
PNOA-MDT05-ETRS89-HU30-0789-LID.TIF,COG,77.77,2009
PNOA-MDT05-ETRS89-HU30-0790-LID.TIF,COG,66.85,2009
PNOA-MDT05-ETRS89-HU30-0791-LID.TIF,COG,77.32,2009
PNOA-MDT05-ETRS89-HU30-0792-LID.TIF,COG,78.66,2009
PNOA-MDT05-ETRS89-HU30-0793-LID.TIF,COG,84.58,2009
PNOA-MDT05-ETRS89-HU30-0794-LID.TIF,COG,89.27,2009
PNOA-MDT05-ETRS89-HU30-0795-LID.TIF,COG,89.06,2009
PNOA-MDT05-ETRS89-HU30-0796-LID.TIF,COG,35.09,2009
PNOA-MDT05-ETRS89-HU30-0798-LID.TIF,COG,46.69,2014
PNOA-MDT05-ETRS89-HU30-0799-LID.TIF,COG,8.06,2014
PNOA-MDT05-ETRS89-HU30-0800-LID.TIF,COG,22.52,2010
PNOA-MDT05-ETRS89-HU30-0801-LID.TIF,COG,81.67,2010
PNOA-MDT05-ETRS89-HU30-0802-LID.TIF,COG,82.17,2010
PNOA-MDT05-ETRS89-HU30-0803-LID.TIF,COG,78.21,2010
PNOA-MDT05-ETRS89-HU30-0804-LID.TIF,COG,88.44,2010
PNOA-MDT05-ETRS89-HU30-0805-LID.TIF,COG,85.32,2010
PNOA-MDT05-ETRS89-HU30-0806-LID.TIF,COG,83.15,"2010, 2014"
PNOA-MDT05-ETRS89-HU30-0807-LID.TIF,COG,84.60,"2009, 2010, 2014"
PNOA-MDT05-ETRS89-HU30-0808-LID.TIF,COG,85.90,2009
PNOA-MDT05-ETRS89-HU30-0809-LID.TIF,COG,81.24,2009
PNOA-MDT05-ETRS89-HU30-0810-LID.TIF,COG,79.14,2009
PNOA-MDT05-ETRS89-HU30-0811-LID.TIF,COG,74.67,2009
PNOA-MDT05-ETRS89-HU30-0812-LID.TIF,COG,72.93,2009
PNOA-MDT05-ETRS89-HU30-0813-LID.TIF,COG,72.59,2009
PNOA-MDT05-ETRS89-HU30-0814-LID.TIF,COG,71.66,2009
PNOA-MDT05-ETRS89-HU30-0815-LID.TIF,COG,79.66,2009
PNOA-MDT05-ETRS89-HU30-0816-LID.TIF,COG,79.12,2009
PNOA-MDT05-ETRS89-HU30-0817-LID.TIF,COG,78.82,2009
PNOA-MDT05-ETRS89-HU30-0818-LID.TIF,COG,75.52,2009
PNOA-MDT05-ETRS89-HU30-0819-LID.TIF,COG,76.95,2009
PNOA-MDT05-ETRS89-HU30-0820-LID.TIF,COG,81.08,2009
PNOA-MDT05-ETRS89-HU30-0821-LID.TIF,COG,91.61,2009
PNOA-MDT05-ETRS89-HU30-0822-LID.TIF,COG,90.78,2009
PNOA-MDT05-ETRS89-HU30-0823-LID.TIF,COG,11.05,2009
PNOA-MDT05-ETRS89-HU30-0824-LID.TIF,COG,7.97,2014
PNOA-MDT05-ETRS89-HU30-0825-LID.TIF,COG,3.44,2014
PNOA-MDT05-ETRS89-HU30-0826-LID.TIF,COG,37.32,2010
PNOA-MDT05-ETRS89-HU30-0827-LID.TIF,COG,88.35,2010
PNOA-MDT05-ETRS89-HU30-0828-LID.TIF,COG,87.29,2010
PNOA-MDT05-ETRS89-HU30-0829-LID.TIF,COG,83.12,2010
PNOA-MDT05-ETRS89-HU30-0830-LID.TIF,COG,87.61,2010
PNOA-MDT05-ETRS89-HU30-0831-LID.TIF,COG,86.79,2010
PNOA-MDT05-ETRS89-HU30-0832-LID.TIF,COG,84.31,"2010, 2014"
PNOA-MDT05-ETRS89-HU30-0833-LID.TIF,COG,83.56,"2009, 2010, 2014"
PNOA-MDT05-ETRS89-HU30-0834-LID.TIF,COG,85.83,"2009, 2014"
PNOA-MDT05-ETRS89-HU30-0835-LID.TIF,COG,82.66,2009
PNOA-MDT05-ETRS89-HU30-0836-LID.TIF,COG,84.46,2009
PNOA-MDT05-ETRS89-HU30-0837-LID.TIF,COG,81.80,2009
PNOA-MDT05-ETRS89-HU30-0838-LID.TIF,COG,76.00,2009
PNOA-MDT05-ETRS89-HU30-0839-LID.TIF,COG,76.04,2009
PNOA-MDT05-ETRS89-HU30-0840-LID.TIF,COG,81.68,2009
PNOA-MDT05-ETRS89-HU30-0841-LID.TIF,COG,71.17,2009
PNOA-MDT05-ETRS89-HU30-0842-LID.TIF,COG,67.20,2009
PNOA-MDT05-ETRS89-HU30-0843-LID.TIF,COG,62.28,2009
PNOA-MDT05-ETRS89-HU30-0844-LID.TIF,COG,81.79,2009
PNOA-MDT05-ETRS89-HU30-0845-LID.TIF,COG,81.92,2009
PNOA-MDT05-ETRS89-HU30-0846-LID.TIF,COG,88.68,2009
PNOA-MDT05-ETRS89-HU30-0847-LID.TIF,COG,91.39,2009
PNOA-MDT05-ETRS89-HU30-0848-LID.TIF,COG,41.23,2009
PNOA-MDT05-ETRS89-HU30-0849-LID.TIF,COG,1.35,2014
PNOA-MDT05-ETRS89-HU30-0850-LID.TIF,COG,2.93,2014
PNOA-MDT05-ETRS89-HU30-0851-LID.TIF,COG,37.53,2010
PNOA-MDT05-ETRS89-HU30-0852-LID.TIF,COG,89.43,2010
PNOA-MDT05-ETRS89-HU30-0853-LID.TIF,COG,91.87,2010
PNOA-MDT05-ETRS89-HU30-0854-LID.TIF,COG,84.08,2010
PNOA-MDT05-ETRS89-HU30-0855-LID.TIF,COG,86.21,2010
PNOA-MDT05-ETRS89-HU30-0856-LID.TIF,COG,79.24,"2010, 2014"
PNOA-MDT05-ETRS89-HU30-0857-LID.TIF,COG,82.25,"2010, 2014"
PNOA-MDT05-ETRS89-HU30-0858-LID.TIF,COG,79.59,2014
PNOA-MDT05-ETRS89-HU30-0859-LID.TIF,COG,81.61,"2009, 2014"
PNOA-MDT05-ETRS89-HU30-0860-LID.TIF,COG,85.93,"2009, 2014"
PNOA-MDT05-ETRS89-HU30-0861-LID.TIF,COG,88.67,"2009, 2014"
PNOA-MDT05-ETRS89-HU30-0862-LID.TIF,COG,86.86,"2009, 2014"
PNOA-MDT05-ETRS89-HU30-0863-LID.TIF,COG,85.32,"2009, 2014"
PNOA-MDT05-ETRS89-HU30-0864-LID.TIF,COG,81.33,"2009, 2014"
PNOA-MDT05-ETRS89-HU30-0865-LID.TIF,COG,85.25,"2009, 2014"
PNOA-MDT05-ETRS89-HU30-0866-LID.TIF,COG,76.10,"2009, 2014"
PNOA-MDT05-ETRS89-HU30-0867-LID.TIF,COG,69.44,2009
PNOA-MDT05-ETRS89-HU30-0868-LID.TIF,COG,75.67,2009
PNOA-MDT05-ETRS89-HU30-0869-LID.TIF,COG,85.99,2009
PNOA-MDT05-ETRS89-HU30-0870-LID.TIF,COG,85.84,2009
PNOA-MDT05-ETRS89-HU30-0871-LID.TIF,COG,86.75,2009
PNOA-MDT05-ETRS89-HU30-0872-LID.TIF,COG,39.89,2009
PNOA-MDT05-ETRS89-HU30-0873-LID.TIF,COG,11.17,2010
PNOA-MDT05-ETRS89-HU30-0874-LID.TIF,COG,88.80,"2010, 2014"
PNOA-MDT05-ETRS89-HU30-0875-LID.TIF,COG,91.27,"2010, 2014"
PNOA-MDT05-ETRS89-HU30-0876-LID.TIF,COG,86.86,2010
PNOA-MDT05-ETRS89-HU30-0877-LID.TIF,COG,83.65,2010
PNOA-MDT05-ETRS89-HU30-0878-LID.TIF,COG,83.49,"2010, 2014"
PNOA-MDT05-ETRS89-HU30-0879-LID.TIF,COG,83.54,"2010, 2014"
PNOA-MDT05-ETRS89-HU30-0880-LID.TIF,COG,87.88,2014
PNOA-MDT05-ETRS89-HU30-0881-LID.TIF,COG,85.46,2014
PNOA-MDT05-ETRS89-HU30-0882-LID.TIF,COG,85.93,"2009, 2014"
PNOA-MDT05-ETRS89-HU30-0883-LID.TIF,COG,86.72,"2009, 2014"
PNOA-MDT05-ETRS89-HU30-0884-LID.TIF,COG,84.60,"2009, 2014"
PNOA-MDT05-ETRS89-HU30-0885-LID.TIF,COG,83.00,2014
PNOA-MDT05-ETRS89-HU30-0886-LID.TIF,COG,83.74,2014
PNOA-MDT05-ETRS89-HU30-0887-LID.TIF,COG,87.20,"2009, 2014"
PNOA-MDT05-ETRS89-HU30-0888-LID.TIF,COG,83.96,"2009, 2014"
PNOA-MDT05-ETRS89-HU30-0889-LID.TIF,COG,85.38,2009
PNOA-MDT05-ETRS89-HU30-0890-LID.TIF,COG,85.29,2009
PNOA-MDT05-ETRS89-HU30-0891-LID.TIF,COG,86.26,2009
PNOA-MDT05-ETRS89-HU30-0892-LID.TIF,COG,87.21,2009
PNOA-MDT05-ETRS89-HU30-0893-LID.TIF,COG,74.02,2009
PNOA-MDT05-ETRS89-HU30-0894-LID.TIF,COG,2.91,2009
PNOA-MDT05-ETRS89-HU30-0895B-LID.TIF,COG,2.49,"2010, 2014, 2015"
PNOA-MDT05-ETRS89-HU30-0895-LID.TIF,COG,68.71,"2010, 2014"
PNOA-MDT05-ETRS89-HU30-0896-LID.TIF,COG,91.76,"2010, 2014"
PNOA-MDT05-ETRS89-HU30-0897-LID.TIF,COG,91.12,"2010, 2014"
PNOA-MDT05-ETRS89-HU30-0898-LID.TIF,COG,91.07,"2010, 2014"
PNOA-MDT05-ETRS89-HU30-0899-LID.TIF,COG,90.73,"2010, 2014"
PNOA-MDT05-ETRS89-HU30-0900-LID.TIF,COG,92.79,"2010, 2014"
PNOA-MDT05-ETRS89-HU30-0901-LID.TIF,COG,88.27,2014
PNOA-MDT05-ETRS89-HU30-0902-LID.TIF,COG,89.53,2014
PNOA-MDT05-ETRS89-HU30-0903-LID.TIF,COG,85.15,2014
PNOA-MDT05-ETRS89-HU30-0904-LID.TIF,COG,83.90,2014
PNOA-MDT05-ETRS89-HU30-0905-LID.TIF,COG,82.63,2014
PNOA-MDT05-ETRS89-HU30-0906-LID.TIF,COG,80.55,2014
PNOA-MDT05-ETRS89-HU30-0907-LID.TIF,COG,87.02,2014
PNOA-MDT05-ETRS89-HU30-0908-LID.TIF,COG,85.50,"2009, 2014"
PNOA-MDT05-ETRS89-HU30-0909-LID.TIF,COG,85.25,"2009, 2014"
PNOA-MDT05-ETRS89-HU30-0910-LID.TIF,COG,85.05,2009
PNOA-MDT05-ETRS89-HU30-0911-LID.TIF,COG,85.39,2009
PNOA-MDT05-ETRS89-HU30-0912-LID.TIF,COG,85.58,2009
PNOA-MDT05-ETRS89-HU30-0913-LID.TIF,COG,78.64,2009
PNOA-MDT05-ETRS89-HU30-0914-LID.TIF,COG,45.96,2009
PNOA-MDT05-ETRS89-HU30-0915-LID.TIF,COG,37.86,2014
PNOA-MDT05-ETRS89-HU30-0916-LID.TIF,COG,94.32,"2014, 2015"
PNOA-MDT05-ETRS89-HU30-0917-LID.TIF,COG,94.60,"2010, 2014, 2015"
PNOA-MDT05-ETRS89-HU30-0918-LID.TIF,COG,90.58,"2010, 2014, 2015"
PNOA-MDT05-ETRS89-HU30-0919-LID.TIF,COG,91.85,"2010, 2014"
PNOA-MDT05-ETRS89-HU30-0920-LID.TIF,COG,90.66,"2010, 2014"
PNOA-MDT05-ETRS89-HU30-0921-LID.TIF,COG,89.44,2014
PNOA-MDT05-ETRS89-HU30-0922-LID.TIF,COG,86.40,2014
PNOA-MDT05-ETRS89-HU30-0923-LID.TIF,COG,83.04,2014
PNOA-MDT05-ETRS89-HU30-0924-LID.TIF,COG,83.58,2014
PNOA-MDT05-ETRS89-HU30-0925-LID.TIF,COG,84.51,2014
PNOA-MDT05-ETRS89-HU30-0926-LID.TIF,COG,82.08,2014
PNOA-MDT05-ETRS89-HU30-0927-LID.TIF,COG,84.17,2014
PNOA-MDT05-ETRS89-HU30-0928-LID.TIF,COG,87.11,2014
PNOA-MDT05-ETRS89-HU30-0929-LID.TIF,COG,86.50,2014
PNOA-MDT05-ETRS89-HU30-0930-LID.TIF,COG,79.61,"2009, 2014"
PNOA-MDT05-ETRS89-HU30-0931-LID.TIF,COG,83.25,"2009, 2014"
PNOA-MDT05-ETRS89-HU30-0932-LID.TIF,COG,87.03,2009
PNOA-MDT05-ETRS89-HU30-0933-LID.TIF,COG,86.30,2009
PNOA-MDT05-ETRS89-HU30-0934-LID.TIF,COG,83.10,2009
PNOA-MDT05-ETRS89-HU30-0935-LID.TIF,COG,32.18,2009
PNOA-MDT05-ETRS89-HU30-0936-LID.TIF,COG,78.40,2014
PNOA-MDT05-ETRS89-HU30-0937-LID.TIF,COG,90.19,"2014, 2015"
PNOA-MDT05-ETRS89-HU30-0938-LID.TIF,COG,92.69,"2014, 2015"
PNOA-MDT05-ETRS89-HU30-0939-LID.TIF,COG,90.89,"2014, 2015"
PNOA-MDT05-ETRS89-HU30-0940-LID.TIF,COG,87.98,2014
PNOA-MDT05-ETRS89-HU30-0941-LID.TIF,COG,88.51,2014
PNOA-MDT05-ETRS89-HU30-0942-LID.TIF,COG,81.47,2014
PNOA-MDT05-ETRS89-HU30-0943-LID.TIF,COG,78.07,2014
PNOA-MDT05-ETRS89-HU30-0944-LID.TIF,COG,84.78,2014
PNOA-MDT05-ETRS89-HU30-0945-LID.TIF,COG,85.21,2014
PNOA-MDT05-ETRS89-HU30-0946-LID.TIF,COG,86.40,2014
PNOA-MDT05-ETRS89-HU30-0947-LID.TIF,COG,87.50,2014
PNOA-MDT05-ETRS89-HU30-0948-LID.TIF,COG,87.98,2014
PNOA-MDT05-ETRS89-HU30-0949-LID.TIF,COG,85.70,2014
PNOA-MDT05-ETRS89-HU30-0950-LID.TIF,COG,81.30,2014
PNOA-MDT05-ETRS89-HU30-0951-LID.TIF,COG,79.17,2014
PNOA-MDT05-ETRS89-HU30-0952-LID.TIF,COG,84.52,"2009, 2014"
PNOA-MDT05-ETRS89-HU30-0953-LID.TIF,COG,84.91,2009
PNOA-MDT05-ETRS89-HU30-0954-LID.TIF,COG,80.30,2009
PNOA-MDT05-ETRS89-HU30-0955-LID.TIF,COG,76.68,2009
PNOA-MDT05-ETRS89-HU30-0956-LID.TIF,COG,21.11,2009
PNOA-MDT05-ETRS89-HU30-0958-LID.TIF,COG,84.00,"2014, 2015"
PNOA-MDT05-ETRS89-HU30-0959-LID.TIF,COG,90.71,"2014, 2015"
PNOA-MDT05-ETRS89-HU30-0960-LID.TIF,COG,92.60,2015
PNOA-MDT05-ETRS89-HU30-0961-LID.TIF,COG,91.06,"2014, 2015"
PNOA-MDT05-ETRS89-HU30-0962-LID.TIF,COG,83.09,2014
PNOA-MDT05-ETRS89-HU30-0963-LID.TIF,COG,76.96,2014
PNOA-MDT05-ETRS89-HU30-0964-LID.TIF,COG,76.90,2014
PNOA-MDT05-ETRS89-HU30-0965-LID.TIF,COG,79.73,2014
PNOA-MDT05-ETRS89-HU30-0966-LID.TIF,COG,85.35,2014
PNOA-MDT05-ETRS89-HU30-0967-LID.TIF,COG,87.99,2014
PNOA-MDT05-ETRS89-HU30-0968-LID.TIF,COG,88.19,2014
PNOA-MDT05-ETRS89-HU30-0969-LID.TIF,COG,88.27,2014
PNOA-MDT05-ETRS89-HU30-0970-LID.TIF,COG,81.62,2014
PNOA-MDT05-ETRS89-HU30-0971-LID.TIF,COG,82.87,2014
PNOA-MDT05-ETRS89-HU30-0972-LID.TIF,COG,80.72,2014
PNOA-MDT05-ETRS89-HU30-0973-LID.TIF,COG,79.96,2014
PNOA-MDT05-ETRS89-HU30-0974-LID.TIF,COG,83.39,"2009, 2014"
PNOA-MDT05-ETRS89-HU30-0975-LID.TIF,COG,85.59,2009
PNOA-MDT05-ETRS89-HU30-0976-LID.TIF,COG,73.46,2009
PNOA-MDT05-ETRS89-HU30-0977-LID.TIF,COG,58.50,2009
PNOA-MDT05-ETRS89-HU30-0978-LID.TIF,COG,22.50,2009
PNOA-MDT05-ETRS89-HU30-0980-LID.TIF,COG,86.59,"2014, 2015"
PNOA-MDT05-ETRS89-HU30-0981-LID.TIF,COG,86.01,2015
PNOA-MDT05-ETRS89-HU30-0982-LID.TIF,COG,85.59,"2014, 2015"
PNOA-MDT05-ETRS89-HU30-0983-LID.TIF,COG,83.57,"2014, 2015"
PNOA-MDT05-ETRS89-HU30-0984-LID.TIF,COG,77.00,2014
PNOA-MDT05-ETRS89-HU30-0985-LID.TIF,COG,78.62,2014
PNOA-MDT05-ETRS89-HU30-0986-LID.TIF,COG,77.69,2014
PNOA-MDT05-ETRS89-HU30-0987-LID.TIF,COG,80.74,2014
PNOA-MDT05-ETRS89-HU30-0988-LID.TIF,COG,84.12,2014
PNOA-MDT05-ETRS89-HU30-0989-LID.TIF,COG,89.03,2014
PNOA-MDT05-ETRS89-HU30-0990-LID.TIF,COG,87.87,2014
PNOA-MDT05-ETRS89-HU30-0991-LID.TIF,COG,86.64,2014
PNOA-MDT05-ETRS89-HU30-0992-LID.TIF,COG,82.78,2014
PNOA-MDT05-ETRS89-HU30-0993-LID.TIF,COG,81.75,2014
PNOA-MDT05-ETRS89-HU30-0994-LID.TIF,COG,82.51,2014
PNOA-MDT05-ETRS89-HU30-0995-LID.TIF,COG,80.63,2014
PNOA-MDT05-ETRS89-HU30-0996-LID.TIF,COG,79.00,"2009, 2014"
PNOA-MDT05-ETRS89-HU30-0997B-LID.TIF,COG,8.91,2009
PNOA-MDT05-ETRS89-HU30-0997-LID.TIF,COG,70.37,"2009, 2014"
PNOA-MDT05-ETRS89-HU30-0998-LID.TIF,COG,56.66,"2014, 2015"
PNOA-MDT05-ETRS89-HU30-0999-LID.TIF,COG,64.69,2015
PNOA-MDT05-ETRS89-HU30-1000-LID.TIF,COG,79.45,"2014, 2015"
PNOA-MDT05-ETRS89-HU30-1001-LID.TIF,COG,77.26,2014
PNOA-MDT05-ETRS89-HU30-1002-LID.TIF,COG,71.15,2014
PNOA-MDT05-ETRS89-HU30-1003-LID.TIF,COG,73.41,2014
PNOA-MDT05-ETRS89-HU30-1004-LID.TIF,COG,80.40,2014
PNOA-MDT05-ETRS89-HU30-1005-LID.TIF,COG,83.56,2014
PNOA-MDT05-ETRS89-HU30-1006-LID.TIF,COG,84.73,2014
PNOA-MDT05-ETRS89-HU30-1007-LID.TIF,COG,86.12,2014
PNOA-MDT05-ETRS89-HU30-1008-LID.TIF,COG,86.82,2014
PNOA-MDT05-ETRS89-HU30-1009-LID.TIF,COG,81.09,2014
PNOA-MDT05-ETRS89-HU30-1010-LID.TIF,COG,86.35,2014
PNOA-MDT05-ETRS89-HU30-1011-LID.TIF,COG,78.00,2014
PNOA-MDT05-ETRS89-HU30-1012-LID.TIF,COG,85.20,2014
PNOA-MDT05-ETRS89-HU30-1013-LID.TIF,COG,85.35,2014
PNOA-MDT05-ETRS89-HU30-1014-LID.TIF,COG,82.66,2014
PNOA-MDT05-ETRS89-HU30-1015-LID.TIF,COG,21.62,2014
PNOA-MDT05-ETRS89-HU30-1016-LID.TIF,COG,2.99,2015
PNOA-MDT05-ETRS89-HU30-1017-LID.TIF,COG,45.41,"2014, 2015"
PNOA-MDT05-ETRS89-HU30-1018-LID.TIF,COG,57.96,2014
PNOA-MDT05-ETRS89-HU30-1019-LID.TIF,COG,54.42,2014
PNOA-MDT05-ETRS89-HU30-1020-LID.TIF,COG,81.25,"2014, 2015"
PNOA-MDT05-ETRS89-HU30-1021-LID.TIF,COG,88.78,"2014, 2015"
PNOA-MDT05-ETRS89-HU30-1022-LID.TIF,COG,87.41,"2014, 2015"
PNOA-MDT05-ETRS89-HU30-1023-LID.TIF,COG,74.31,2014
PNOA-MDT05-ETRS89-HU30-1024-LID.TIF,COG,84.25,2014
PNOA-MDT05-ETRS89-HU30-1025-LID.TIF,COG,87.04,2014
PNOA-MDT05-ETRS89-HU30-1026-LID.TIF,COG,82.50,2014
PNOA-MDT05-ETRS89-HU30-1027-LID.TIF,COG,88.27,2014
PNOA-MDT05-ETRS89-HU30-1028-LID.TIF,COG,85.59,2014
PNOA-MDT05-ETRS89-HU30-1029-LID.TIF,COG,83.34,2014
PNOA-MDT05-ETRS89-HU30-1030-LID.TIF,COG,80.63,2014
PNOA-MDT05-ETRS89-HU30-1031-LID.TIF,COG,81.53,2014
PNOA-MDT05-ETRS89-HU30-1032B-LID.TIF,COG,1.54,2014
PNOA-MDT05-ETRS89-HU30-1032-LID.TIF,COG,3.09,2014
PNOA-MDT05-ETRS89-HU30-1033-LID.TIF,COG,48.06,2014
PNOA-MDT05-ETRS89-HU30-1034-LID.TIF,COG,76.04,"2014, 2015"
PNOA-MDT05-ETRS89-HU30-1035-LID.TIF,COG,84.92,"2014, 2015"
PNOA-MDT05-ETRS89-HU30-1036-LID.TIF,COG,87.50,"2014, 2015"
PNOA-MDT05-ETRS89-HU30-1037-LID.TIF,COG,86.67,"2014, 2015"
PNOA-MDT05-ETRS89-HU30-1038-LID.TIF,COG,84.43,2014
PNOA-MDT05-ETRS89-HU30-1039-LID.TIF,COG,86.92,2014
PNOA-MDT05-ETRS89-HU30-1040-LID.TIF,COG,86.26,2014
PNOA-MDT05-ETRS89-HU30-1041-LID.TIF,COG,86.63,2014
PNOA-MDT05-ETRS89-HU30-1042-LID.TIF,COG,86.69,2014
PNOA-MDT05-ETRS89-HU30-1043-LID.TIF,COG,84.18,2014
PNOA-MDT05-ETRS89-HU30-1044-LID.TIF,COG,84.71,2014
PNOA-MDT05-ETRS89-HU30-1045-LID.TIF,COG,80.11,2014
PNOA-MDT05-ETRS89-HU30-1046-LID.TIF,COG,55.97,2014
PNOA-MDT05-ETRS89-HU30-1047-LID.TIF,COG,50.12,"2014, 2015"
PNOA-MDT05-ETRS89-HU30-1048-LID.TIF,COG,79.15,"2014, 2015"
PNOA-MDT05-ETRS89-HU30-1049-LID.TIF,COG,80.69,"2014, 2015"
PNOA-MDT05-ETRS89-HU30-1050-LID.TIF,COG,89.81,"2014, 2015"
PNOA-MDT05-ETRS89-HU30-1051-LID.TIF,COG,87.66,"2014, 2015"
PNOA-MDT05-ETRS89-HU30-1052-LID.TIF,COG,84.32,2014
PNOA-MDT05-ETRS89-HU30-1053-LID.TIF,COG,66.79,2014
PNOA-MDT05-ETRS89-HU30-1054-LID.TIF,COG,50.70,2014
PNOA-MDT05-ETRS89-HU30-1055-LID.TIF,COG,51.21,2014
PNOA-MDT05-ETRS89-HU30-1056-LID.TIF,COG,57.37,2014
PNOA-MDT05-ETRS89-HU30-1057-LID.TIF,COG,45.79,2014
PNOA-MDT05-ETRS89-HU30-1058-LID.TIF,COG,47.01,2014
PNOA-MDT05-ETRS89-HU30-1059-LID.TIF,COG,10.86,2014
PNOA-MDT05-ETRS89-HU30-1060-LID.TIF,COG,18.28,2014
PNOA-MDT05-ETRS89-HU30-1061-LID.TIF,COG,22.19,2015
PNOA-MDT05-ETRS89-HU30-1062-LID.TIF,COG,73.70,2015
PNOA-MDT05-ETRS89-HU30-1063-LID.TIF,COG,84.35,"2014, 2015"
PNOA-MDT05-ETRS89-HU30-1064-LID.TIF,COG,92.47,"2014, 2015"
PNOA-MDT05-ETRS89-HU30-1065-LID.TIF,COG,90.33,2014
PNOA-MDT05-ETRS89-HU30-1066-LID.TIF,COG,73.36,2014
PNOA-MDT05-ETRS89-HU30-1067-LID.TIF,COG,4.21,2014
PNOA-MDT05-ETRS89-HU30-1068-LID.TIF,COG,5.67,2015
PNOA-MDT05-ETRS89-HU30-1069-LID.TIF,COG,77.46,2015
PNOA-MDT05-ETRS89-HU30-1070-LID.TIF,COG,83.57,"2014, 2015"
PNOA-MDT05-ETRS89-HU30-1071-LID.TIF,COG,84.66,2014
PNOA-MDT05-ETRS89-HU30-1072B-LID.TIF,COG,2.46,2014
PNOA-MDT05-ETRS89-HU30-1072-LID.TIF,COG,20.22,2014
PNOA-MDT05-ETRS89-HU30-1073-LID.TIF,COG,51.05,2015
PNOA-MDT05-ETRS89-HU30-1074-LID.TIF,COG,82.28,"2014, 2015"
PNOA-MDT05-ETRS89-HU30-1075-LID.TIF,COG,55.27,2014
PNOA-MDT05-ETRS89-HU30-1076-LID.TIF,COG,1.38,2015
PNOA-MDT05-ETRS89-HU30-1077-LID.TIF,COG,57.22,"2014, 2015"
PNOA-MDT05-ETRS89-HU30-1078B-COR.TIF,COG,0.02,2002
PNOA-MDT05-ETRS89-HU30-1078-LID.TIF,COG,17.11,"2014, 2015"
PNOA-MDT05-ETRS89-HU30-1110-COR.TIF,COG,6.97,2014
PNOA-MDT05-ETRS89-HU30-1111-COR.TIF,COG,4.29,2014
PNOA-MDT05-ETRS89-HU31-0118B-LID.TIF,COG,16.38,"2008, 2009, 2010, "
PNOA-MDT05-ETRS89-HU31-0146-LID.TIF,COG,45.51,2010
PNOA-MDT05-ETRS89-HU31-0147-LID.TIF,COG,37.45,2010
PNOA-MDT05-ETRS89-HU31-0148-LID.TIF,COG,70.34,"2008, 2009, 2010, "
PNOA-MDT05-ETRS89-HU31-0149B-LID.TIF,COG,4.50,"2008, 2009, 2010, "
PNOA-MDT05-ETRS89-HU31-0149-LID.TIF,COG,81.55,"2008, 2009, 2010, "
PNOA-MDT05-ETRS89-HU31-0150-LID.TIF,COG,40.05,"2008, 2009, 2010, "
PNOA-MDT05-ETRS89-HU31-0178-LID.TIF,COG,89.94,2010
PNOA-MDT05-ETRS89-HU31-0179-LID.TIF,COG,89.61,2010
PNOA-MDT05-ETRS89-HU31-0180-LID.TIF,COG,87.52,"2008, 2009, 2010, "
PNOA-MDT05-ETRS89-HU31-0181-LID.TIF,COG,86.90,"2008, 2009, 2010, "
PNOA-MDT05-ETRS89-HU31-0182-LID.TIF,COG,87.70,"2008, 2009, 2010, "
PNOA-MDT05-ETRS89-HU31-0183-LID.TIF,COG,82.96,"2008, 2009, 2010, "
PNOA-MDT05-ETRS89-HU31-0211-LID.TIF,COG,87.77,2010
PNOA-MDT05-ETRS89-HU31-0212-LID.TIF,COG,87.78,2010
PNOA-MDT05-ETRS89-HU31-0213-LID.TIF,COG,87.16,"2008, 2009, 2010, "
PNOA-MDT05-ETRS89-HU31-0214-LID.TIF,COG,87.99,"2008, 2009, 2010, "
PNOA-MDT05-ETRS89-HU31-0215-LID.TIF,COG,86.61,"2008, 2009, 2010, "
PNOA-MDT05-ETRS89-HU31-0216-LID.TIF,COG,84.66,"2008, 2009, 2010, "
PNOA-MDT05-ETRS89-HU31-0217B-LID.TIF,COG,1.62,"2008, 2009, 2010, "
PNOA-MDT05-ETRS89-HU31-0217-LID.TIF,COG,71.68,"2008, 2009, 2010, "
PNOA-MDT05-ETRS89-HU31-0218-LID.TIF,COG,58.32,"2008, 2009, 2010, "
PNOA-MDT05-ETRS89-HU31-0219-LID.TIF,COG,48.61,"2008, 2009, 2010, "
PNOA-MDT05-ETRS89-HU31-0220-LID.TIF,COG,77.12,"2008, 2009, 2010, "
PNOA-MDT05-ETRS89-HU31-0221-LID.TIF,COG,6.63,"2008, 2009, 2010, "
PNOA-MDT05-ETRS89-HU31-0249-LID.TIF,COG,88.15,2010
PNOA-MDT05-ETRS89-HU31-0250-LID.TIF,COG,85.86,2010
PNOA-MDT05-ETRS89-HU31-0251-LID.TIF,COG,86.61,"2008, 2009, 2010, "
PNOA-MDT05-ETRS89-HU31-0252-LID.TIF,COG,85.70,"2008, 2009, 2010, "
PNOA-MDT05-ETRS89-HU31-0253-LID.TIF,COG,86.07,"2008, 2009, 2010, "
PNOA-MDT05-ETRS89-HU31-0254-LID.TIF,COG,85.80,"2008, 2009, 2010, "
PNOA-MDT05-ETRS89-HU31-0255-LID.TIF,COG,84.52,"2008, 2009, 2010, "
PNOA-MDT05-ETRS89-HU31-0256-LID.TIF,COG,83.87,"2008, 2009, 2010, "
PNOA-MDT05-ETRS89-HU31-0257-LID.TIF,COG,83.73,"2008, 2009, 2010, "
PNOA-MDT05-ETRS89-HU31-0258-LID.TIF,COG,68.05,"2008, 2009, 2010, "
PNOA-MDT05-ETRS89-HU31-0259-LID.TIF,COG,19.68,"2008, 2009, 2010, "
PNOA-MDT05-ETRS89-HU31-0287-LID.TIF,COG,83.87,2010
PNOA-MDT05-ETRS89-HU31-0288-LID.TIF,COG,85.26,2010
PNOA-MDT05-ETRS89-HU31-0289-LID.TIF,COG,85.49,"2008, 2009, 2010, "
PNOA-MDT05-ETRS89-HU31-0290-LID.TIF,COG,86.00,"2008, 2009, 2010, "
PNOA-MDT05-ETRS89-HU31-0291-LID.TIF,COG,85.56,"2008, 2009, 2010, "
PNOA-MDT05-ETRS89-HU31-0292-LID.TIF,COG,84.73,"2008, 2009, 2010, "
PNOA-MDT05-ETRS89-HU31-0293-LID.TIF,COG,83.33,"2008, 2009, 2010, "
PNOA-MDT05-ETRS89-HU31-0294-LID.TIF,COG,83.08,"2008, 2009, 2010, "
PNOA-MDT05-ETRS89-HU31-0295-LID.TIF,COG,83.34,"2008, 2009, 2010, "
PNOA-MDT05-ETRS89-HU31-0296-LID.TIF,COG,71.48,"2008, 2009, 2010, "
PNOA-MDT05-ETRS89-HU31-0297-LID.TIF,COG,7.91,"2008, 2009, 2010, "
PNOA-MDT05-ETRS89-HU31-0325-LID.TIF,COG,78.37,2010
PNOA-MDT05-ETRS89-HU31-0326-LID.TIF,COG,80.99,"2008, 2009, 2010, "
PNOA-MDT05-ETRS89-HU31-0327-LID.TIF,COG,84.60,"2008, 2009, 2010, "
PNOA-MDT05-ETRS89-HU31-0328-LID.TIF,COG,84.44,"2008, 2009, 2010, "
PNOA-MDT05-ETRS89-HU31-0329-LID.TIF,COG,82.88,"2008, 2009, 2010, "
PNOA-MDT05-ETRS89-HU31-0330-LID.TIF,COG,83.82,"2008, 2009, 2010, "
PNOA-MDT05-ETRS89-HU31-0331-LID.TIF,COG,84.27,"2008, 2009, 2010, "
PNOA-MDT05-ETRS89-HU31-0332-LID.TIF,COG,81.71,"2008, 2009, 2010, "
PNOA-MDT05-ETRS89-HU31-0333-LID.TIF,COG,80.69,"2008, 2009, 2010, "
PNOA-MDT05-ETRS89-HU31-0334-LID.TIF,COG,77.98,"2008, 2009, 2010, "
PNOA-MDT05-ETRS89-HU31-0335-LID.TIF,COG,12.86,"2008, 2009, 2010, "
PNOA-MDT05-ETRS89-HU31-0357-LID.TIF,COG,78.00,2010
PNOA-MDT05-ETRS89-HU31-0358-LID.TIF,COG,76.43,"2008, 2009, 2010, "
PNOA-MDT05-ETRS89-HU31-0359-LID.TIF,COG,75.83,"2008, 2009, 2010, "
PNOA-MDT05-ETRS89-HU31-0360-LID.TIF,COG,72.44,"2008, 2009, 2010, "
PNOA-MDT05-ETRS89-HU31-0361-LID.TIF,COG,80.66,"2008, 2009, 2010, "
PNOA-MDT05-ETRS89-HU31-0362-LID.TIF,COG,83.95,"2008, 2009, 2010, "
PNOA-MDT05-ETRS89-HU31-0363-LID.TIF,COG,83.98,"2008, 2009, 2010, "
PNOA-MDT05-ETRS89-HU31-0364-LID.TIF,COG,85.03,"2008, 2009, 2010, "
PNOA-MDT05-ETRS89-HU31-0365-LID.TIF,COG,80.80,"2008, 2009, 2010, "
PNOA-MDT05-ETRS89-HU31-0366-LID.TIF,COG,38.16,"2008, 2009, 2010, "
PNOA-MDT05-ETRS89-HU31-0386-LID.TIF,COG,80.89,2010
PNOA-MDT05-ETRS89-HU31-0387-LID.TIF,COG,79.62,"2008, 2009, 2010, "
PNOA-MDT05-ETRS89-HU31-0388-LID.TIF,COG,74.60,"2008, 2009, 2010, "
PNOA-MDT05-ETRS89-HU31-0389-LID.TIF,COG,75.45,"2008, 2009, 2010, "
PNOA-MDT05-ETRS89-HU31-0390-LID.TIF,COG,82.72,"2008, 2009, 2010, "
PNOA-MDT05-ETRS89-HU31-0391-LID.TIF,COG,84.96,"2008, 2009, 2010, "
PNOA-MDT05-ETRS89-HU31-0392-LID.TIF,COG,84.14,"2008, 2009, 2010, "
PNOA-MDT05-ETRS89-HU31-0393-LID.TIF,COG,77.85,"2008, 2009, 2010, "
PNOA-MDT05-ETRS89-HU31-0394-LID.TIF,COG,30.18,"2008, 2009, 2010, "
PNOA-MDT05-ETRS89-HU31-0414-LID.TIF,COG,77.96,2010
PNOA-MDT05-ETRS89-HU31-0415-LID.TIF,COG,82.56,"2008, 2009, 2010, "
PNOA-MDT05-ETRS89-HU31-0416-LID.TIF,COG,83.34,"2008, 2009, 2010, "
PNOA-MDT05-ETRS89-HU31-0417-LID.TIF,COG,84.87,"2008, 2009, 2010, "
PNOA-MDT05-ETRS89-HU31-0418-LID.TIF,COG,84.29,"2008, 2009, 2010, "
PNOA-MDT05-ETRS89-HU31-0419-LID.TIF,COG,82.94,"2008, 2009, 2010, "
PNOA-MDT05-ETRS89-HU31-0420-LID.TIF,COG,82.57,"2008, 2009, 2010, "
PNOA-MDT05-ETRS89-HU31-0421B-LID.TIF,COG,0.72,"2008, 2009, 2010, "
PNOA-MDT05-ETRS89-HU31-0421-LID.TIF,COG,23.58,"2008, 2009, 2010, "
PNOA-MDT05-ETRS89-HU31-0442-LID.TIF,COG,77.02,2010
PNOA-MDT05-ETRS89-HU31-0443-LID.TIF,COG,85.41,"2008, 2009, 2010, "
PNOA-MDT05-ETRS89-HU31-0444-LID.TIF,COG,87.59,"2008, 2009, 2010, "
PNOA-MDT05-ETRS89-HU31-0445-LID.TIF,COG,87.68,"2008, 2009, 2010, "
PNOA-MDT05-ETRS89-HU31-0446-LID.TIF,COG,81.47,"2008, 2009, 2010, "
PNOA-MDT05-ETRS89-HU31-0447-LID.TIF,COG,66.09,"2008, 2009, 2010, "
PNOA-MDT05-ETRS89-HU31-0448-LID.TIF,COG,33.64,"2008, 2009, 2010, "
PNOA-MDT05-ETRS89-HU31-0469-LID.TIF,COG,85.22,"2008, 2009, 2010, "
PNOA-MDT05-ETRS89-HU31-0470-LID.TIF,COG,85.76,"2008, 2009, 2010, "
PNOA-MDT05-ETRS89-HU31-0471-LID.TIF,COG,87.04,"2008, 2009, 2010, "
PNOA-MDT05-ETRS89-HU31-0472-LID.TIF,COG,67.07,"2008, 2009, 2010, "
PNOA-MDT05-ETRS89-HU31-0473B-LID.TIF,COG,0.20,"2008, 2009, 2010, "
PNOA-MDT05-ETRS89-HU31-0473-LID.TIF,COG,23.52,"2008, 2009, 2010, "
PNOA-MDT05-ETRS89-HU31-0495-LID.TIF,COG,87.41,2010
PNOA-MDT05-ETRS89-HU31-0496-LID.TIF,COG,88.92,"2008, 2009, 2010, "
PNOA-MDT05-ETRS89-HU31-0497-LID.TIF,COG,84.79,"2008, 2009, 2010, "
PNOA-MDT05-ETRS89-HU31-0498-LID.TIF,COG,10.76,"2008, 2009, 2010, "
PNOA-MDT05-ETRS89-HU31-0520-LID.TIF,COG,89.36,"2008, 2009, 2010, "
PNOA-MDT05-ETRS89-HU31-0521-LID.TIF,COG,89.46,"2008, 2009, 2010, "
PNOA-MDT05-ETRS89-HU31-0522-LID.TIF,COG,63.67,"2008, 2009, 2010, "
PNOA-MDT05-ETRS89-HU31-0523-LID.TIF,COG,3.72,"2008, 2009, 2010, "
PNOA-MDT05-ETRS89-HU31-0545-LID.TIF,COG,89.13,"2009, 2010"
PNOA-MDT05-ETRS89-HU31-0546-LID.TIF,COG,85.08,"2008, 2009, 2010, "
PNOA-MDT05-ETRS89-HU31-0547-LID.TIF,COG,33.00,"2008, 2009, 2010, "
PNOA-MDT05-ETRS89-HU31-0570-LID.TIF,COG,89.42,2009
PNOA-MDT05-ETRS89-HU31-0571B-LID.TIF,COG,1.05,2009
PNOA-MDT05-ETRS89-HU31-0571-LID.TIF,COG,74.70,2009
PNOA-MDT05-ETRS89-HU31-0593-LID.TIF,COG,89.24,2009
PNOA-MDT05-ETRS89-HU31-0594-LID.TIF,COG,37.70,2009
PNOA-MDT05-ETRS89-HU31-0616-LID.TIF,COG,77.84,2009
PNOA-MDT05-ETRS89-HU31-0617B-LID.TIF,COG,0.94,2014
PNOA-MDT05-ETRS89-HU31-0617-LID.TIF,COG,2.90,2009
PNOA-MDT05-ETRS89-HU31-0618-LID.TIF,COG,27.84,2014
PNOA-MDT05-ETRS89-HU31-0619-LID.TIF,COG,4.04,2014
PNOA-MDT05-ETRS89-HU31-0641-LID.TIF,COG,37.43,2009
PNOA-MDT05-ETRS89-HU31-0642-LID.TIF,COG,0.23,2009
PNOA-MDT05-ETRS89-HU31-0643-LID.TIF,COG,1.78,2014
PNOA-MDT05-ETRS89-HU31-0644-LID.TIF,COG,33.54,2014
PNOA-MDT05-ETRS89-HU31-0645B-LID.TIF,COG,0.25,2014
PNOA-MDT05-ETRS89-HU31-0645-LID.TIF,COG,5.17,2014
PNOA-MDT05-ETRS89-HU31-0646-LID.TIF,COG,40.33,2014
PNOA-MDT05-ETRS89-HU31-0647-LID.TIF,COG,32.00,2014
PNOA-MDT05-ETRS89-HU31-0669B-LID.TIF,COG,0.17,2014
PNOA-MDT05-ETRS89-HU31-0669-LID.TIF,COG,6.63,2009
PNOA-MDT05-ETRS89-HU31-0670-LID.TIF,COG,51.67,2014
PNOA-MDT05-ETRS89-HU31-0671-LID.TIF,COG,75.99,2014
PNOA-MDT05-ETRS89-HU31-0672-LID.TIF,COG,40.34,2014
PNOA-MDT05-ETRS89-HU31-0673-LID.TIF,COG,2.80,2014
PNOA-MDT05-ETRS89-HU31-0697-LID.TIF,COG,21.03,2014
PNOA-MDT05-ETRS89-HU31-0698-LID.TIF,COG,66.56,2014
PNOA-MDT05-ETRS89-HU31-0699-LID.TIF,COG,76.70,2014
PNOA-MDT05-ETRS89-HU31-0700-LID.TIF,COG,56.08,2014
PNOA-MDT05-ETRS89-HU31-0722B-LID.TIF,COG,0.53,2014
PNOA-MDT05-ETRS89-HU31-0723-LID.TIF,COG,14.99,2014
PNOA-MDT05-ETRS89-HU31-0724-LID.TIF,COG,64.96,2014
PNOA-MDT05-ETRS89-HU31-0725-LID.TIF,COG,27.33,2014
PNOA-MDT05-ETRS89-HU31-0748-LID.TIF,COG,8.80,2014
PNOA-MDT05-ETRS89-HU31-0749-LID.TIF,COG,0.54,2014
PNOA-MDT05-ETRS89-HU31-0771-LID.TIF,COG,1.36,2009
PNOA-MDT05-ETRS89-HU31-0772-LID.TIF,COG,21.41,2014
PNOA-MDT05-ETRS89-HU31-0773-LID.TIF,COG,19.47,2014
PNOA-MDT05-ETRS89-HU31-0774-LID.TIF,COG,2.28,2014
PNOA-MDT05-ETRS89-HU31-0796-LID.TIF,COG,35.24,2009
PNOA-MDT05-ETRS89-HU31-0798-LID.TIF,COG,45.59,2014
PNOA-MDT05-ETRS89-HU31-0799-LID.TIF,COG,6.52,2014
PNOA-MDT05-ETRS89-HU31-0822-LID.TIF,COG,91.08,2009
PNOA-MDT05-ETRS89-HU31-0823-LID.TIF,COG,11.01,2009
PNOA-MDT05-ETRS89-HU31-0824-LID.TIF,COG,7.56,2014
PNOA-MDT05-ETRS89-HU31-0825-LID.TIF,COG,3.12,2014
PNOA-MDT05-ETRS89-HU31-0848-LID.TIF,COG,41.16,2009
PNOA-MDT05-ETRS89-HU31-0849-LID.TIF,COG,1.41,2014
PNOA-MDT05-ETRS89-HU31-0850-LID.TIF,COG,1.69,2014
PNOA-MDT05-REGCAN95-HU28-1079B-LID.TIF,COG,0.02,2009
PNOA-MDT05-REGCAN95-HU28-1079-LID.TIF,COG,4.43,2009
PNOA-MDT05-REGCAN95-HU28-1080-LID.TIF,COG,32.55,2009
PNOA-MDT05-REGCAN95-HU28-1081-LID.TIF,COG,24.08,2009
PNOA-MDT05-REGCAN95-HU28-1082-LID.TIF,COG,59.94,2009
PNOA-MDT05-REGCAN95-HU28-1083-LID.TIF,COG,64.60,2009
PNOA-MDT05-REGCAN95-HU28-1084-LID.TIF,COG,13.73,2009
PNOA-MDT05-REGCAN95-HU28-1085-LID.TIF,COG,52.52,2009
PNOA-MDT05-REGCAN95-HU28-1086-LID.TIF,COG,42.87,2009
PNOA-MDT05-REGCAN95-HU28-1087-LID.TIF,COG,8.78,2009
PNOA-MDT05-REGCAN95-HU28-1088-LID.TIF,COG,42.30,2009
PNOA-MDT05-REGCAN95-HU28-1089-LID.TIF,COG,20.50,2009
PNOA-MDT05-REGCAN95-HU28-1090-LID.TIF,COG,67.73,2009
PNOA-MDT05-REGCAN95-HU28-1091-LID.TIF,COG,64.87,2009
PNOA-MDT05-REGCAN95-HU28-1092-LID.TIF,COG,72.61,2009
PNOA-MDT05-REGCAN95-HU28-1093-LID.TIF,COG,51.25,2009
PNOA-MDT05-REGCAN95-HU28-1094-LID.TIF,COG,38.25,2009
PNOA-MDT05-REGCAN95-HU28-1095-LID.TIF,COG,62.05,2009
PNOA-MDT05-REGCAN95-HU28-1096-LID.TIF,COG,64.44,2009
PNOA-MDT05-REGCAN95-HU28-1097-LID.TIF,COG,52.14,2009
PNOA-MDT05-REGCAN95-HU28-1098-LID.TIF,COG,29.24,2009
PNOA-MDT05-REGCAN95-HU28-1099-LID.TIF,COG,27.36,2009
PNOA-MDT05-REGCAN95-HU28-1100-LID.TIF,COG,36.29,2009
PNOA-MDT05-REGCAN95-HU28-1102-LID.TIF,COG,27.70,2009
PNOA-MDT05-REGCAN95-HU28-1103-LID.TIF,COG,35.73,2009
PNOA-MDT05-REGCAN95-HU28-1104-LID.TIF,COG,87.04,2009
PNOA-MDT05-REGCAN95-HU28-1105-1108-LID.TIF,COG,44.48,2009
PNOA-MDT05-REGCAN95-HU28-1106-LID.TIF,COG,34.20,2009
PNOA-MDT05-REGCAN95-HU28-1107-LID.TIF,COG,76.41,2009
PNOA-MDT05-REGCAN95-HU28-1109-LID.TIF,COG,4.12,2009
